"Year","Volume_an_surf","Temp_an_surf","Sal_an_surf","Temp_win_surf","DIN_win_surf","DIP_win_surf","totN_an_surf","totP_an_surf","Temp_sum_surf","Chla_sum_surf","Secchi_sum","DOC_sum_surf","DOCter_sum_surf","Volume_an_tot","Temp_an_tot","Sal_an_tot","DIN_an_tot","DIP_an_tot","totN_an_tot","totP_an_tot","DOC_an_tot","DOCter_an_tot","PP_an","Nfix_an","AvOxy","Oxdebt","AnoxicArea","HypoxicArea","codRV"
1970,1642354391666.67,7.1813923175,7.312650725,0.07089251,2.82821806678571,0.374942838709677,17.8429705593126,0.411034898990353,14.50732225,0.487046678973887,7.81559267058376,3579.1429215,3083.262104,11664753416666.7,4.60247071666667,8.56857894166667,2.82821806678571,0.374942838709677,18.9668573102402,1.10564265874647,3579.1429215,3083.262104,53.6080993955434,0.332216206924932,1.5988986,10.1724751833333,1232.57474441095,60284.0163068493,119.056899677397
1971,1641558691666.67,7.75719096666667,7.52144093333333,2.4555404,3.25562983285714,0.503269290322581,17.8769793561357,0.472901227354797,13.8414645,0.720552718919583,7.53923634920449,3621.27066175,3054.96703675,11656845083333.3,5.07997150833333,8.53260994166667,3.25562983285714,0.503269290322581,18.9545368211892,1.06097018140789,3621.27066175,3054.96703675,77.6648500636541,0.827885895310416,1.1754120727027,10.6159691351351,6558.98484767124,53405.9139616438,48.9839248161644
1972,1641935250000,8.93902893333333,7.56340836666667,2.62825015,2.78072925607143,0.417208032258065,17.4715135752885,0.403553700839342,15.61308425,0.592867141495146,7.70057579746427,3589.284687,3048.8231845,11660594916666.7,5.38379615,8.5778608,2.78072925607143,0.417208032258065,19.0083279560256,1.05188327584962,3589.284687,3048.8231845,70.055686645445,0.561228328250418,1.18645405694444,10.61570625,11542.3950330601,56951.1421502732,131.729075203169
1973,1640069350000,7.50008585783333,7.59850855,1.599060757,2.88785775571429,0.39896635483871,17.6353979532841,0.408382966624808,14.12812975,0.584599781645425,7.70550363630052,3579.63609475,3057.11747725,11641730416666.7,4.81722226666667,8.60260870833333,2.88785775571429,0.39896635483871,19.0963872638503,1.05700235658181,3579.63609475,3057.11747725,59.4765764297635,0.559514391340835,0.958293997567568,10.8120692972973,8166.50601753421,59960.4957342466,3.61308388342466
1974,1641773833333.33,8.30275521666667,7.53220994166667,2.60683385,2.67287558785714,0.357791193548387,17.4929002626047,0.390789646992089,15.50867475,0.419111225169488,7.9127964993304,3565.658257,3065.072052,11658920583333.3,5.0844246,8.58214653333333,2.67287558785714,0.357791193548387,18.825387467706,1.07463396160818,3565.658257,3065.072052,53.257041975599,0.29661650925415,0.841191151666667,10.9380790833333,8109.55286794519,60539.8204356164,6.84428766923288
1975,1641271850000,7.60686715833333,7.56644531666667,3.31478905,3.85818210821429,0.416772983870968,18.1205451859052,0.438312720644038,13.02970145,0.535022009319579,7.69774777518691,3627.8710625,3064.378595,11653885500000,5.58251373333333,8.54080764166667,3.85818210821429,0.416772983870968,18.9507065104012,1.09361662445543,3627.8710625,3064.378595,75.1172550986388,0.372855671904073,0.634008472972973,11.1086322972973,9016.65609589039,60080.6892958904,0.0439170576164384
1976,1642317308333.33,8.78169589166667,7.566165925,2.96581795,2.53756531464286,0.410826225806452,17.4519158318562,0.423682243559324,15.0868485,0.645604231562008,7.5225600301592,3672.80858025,3072.51138525,11664210416666.7,5.63905023333333,8.496613525,2.53756531464286,0.410826225806452,18.5378768941309,1.09587175043632,3672.80858025,3072.51138525,69.8091488820579,0.607026983802882,0.00474384244444443,11.7099888055556,20716.6967693989,54650.994931694,0
1977,1641801766666.67,8.288959525,7.568240575,3.757754,3.18814467035714,0.462987758064516,17.7592998455452,0.453628847242792,13.8809895,0.743868803258587,7.45056257753157,3656.5966695,3083.9830395,11659122916666.7,5.62613585833333,8.4368606,3.18814467035714,0.462987758064516,19.192039506267,1.13489749079058,3656.5966695,3083.9830395,76.6260237058144,0.7286534661905,-0.850675201621622,12.5706629189189,25038.9257780822,53938.971769863,1.34279185641096
1978,1639712683333.33,7.55260688083333,7.49387125833333,1.31756393,3.01011981285714,0.411615435483871,18.0125947529429,0.443695824613826,14.84447725,0.530927167785083,7.65136753562956,3673.19456975,3091.58701975,11638226083333.3,4.69961765,8.39305965,3.01011981285714,0.411615435483871,19.6352746634401,1.16577028784371,3673.19456975,3091.58701975,64.2696522863227,0.432753465589211,-0.929095691388889,12.6730828611111,22194.2435945206,55200.8401726027,0.0509309691780822
1979,1641920258333.33,8.90060625,7.51077689166667,3.9092566,3.00675097535714,0.403176193548387,18.2015947611052,0.443768457498026,15.24279275,0.633749833979762,7.46613214007616,3723.11127425,3091.15759925,11660167916666.7,5.71384926666667,8.41680126666667,3.00675097535714,0.403176193548387,19.3496573418972,1.18243529699407,3723.11127425,3091.15759925,82.0085486731692,0.508998762585668,-0.0641715709324323,11.7874204594595,9298.5467317808,61772.319690411,11.2566291603014
1980,1643330100000,8.13853985833333,7.610688725,3.493187,2.95744477714286,0.489610677419355,18.4174602525776,0.536097236500396,14.4226655,0.790820728240021,7.21479912978497,3817.31752475,3087.26965975,11674543916666.7,5.342201725,8.43386665,2.95744477714286,0.489610677419355,18.6833040247349,1.16874384913113,3817.31752475,3087.26965975,93.7188640988312,0.895611708387274,0.459444947222222,11.2130049444444,8737.45674535517,53447.8259699453,0.0332434643169399
1981,1643427141666.67,8.62586751666667,7.60759998333333,3.39687095,3.10196497,0.547111177419355,18.946627649153,0.559894184638696,15.14391575,1.03925463817971,6.83311292241019,3948.79432325,3106.51634075,11675628416666.7,5.58005360833333,8.34211768333333,3.10196497,0.547111177419355,19.7258088556331,1.14838561162617,3948.79432325,3106.51634075,116.496004236002,1.05641792476023,-0.486811412716216,12.1805683243243,18500.2276630138,43953.5787123288,0
1982,1641579158333.33,8.99805828333333,7.64054869166667,4.28727055,3.60569053857143,0.532215064516129,19.027540744747,0.562137219837749,15.0692185,0.874764362476279,7.00519622001148,3901.7230265,3080.331484,11656954916666.7,6.41395185,8.2276461,3.60569053857143,0.532215064516129,19.9010660226303,1.10176332674099,3901.7230265,3080.331484,115.690378527458,0.963682170324705,-1.69965219444444,13.4116511388889,20772.9033917808,39471.6690575342,0
1983,1642089725000,9.249304925,7.64430283333333,4.05095475,3.21471749678571,0.549674290322581,19.0819672901292,0.590552092104867,15.841371,0.914186070090204,6.94520601562317,3944.869369,3084.7208215,11661899416666.7,6.27065004166667,8.169833675,3.21471749678571,0.549674290322581,20.2116509054609,1.09474420556507,3944.869369,3084.7208215,115.050221374564,1.18181988611472,-2.5136933972973,14.2139344864865,19050.4713342466,29849.4658739726,0
1984,1643063550000,8.53411535833333,7.5424867,3.2859076,3.85115453428571,0.577481516129032,19.0078110288756,0.564183504682171,15.46621475,1.03826301619013,6.87143536013174,3895.899796,3106.480941,11671848500000,5.2713868,8.09529084166667,3.85115453428571,0.577481516129032,20.7191785620177,1.1104160557317,3895.899796,3106.480941,95.977026703935,1.1691033448367,-2.22239427444444,13.9306661388889,15698.191147541,33033.0906775956,0
1985,1642503225000,9.06196611666667,7.448124875,3.1307225,3.61167733464286,0.546746983870968,19.0452712295234,0.540573402125936,16.39175575,0.812213865456446,6.97600373582742,3956.517903,3114.3509755,11666094666666.7,5.43178693333333,8.03016028333333,3.61167733464286,0.546746983870968,20.5934348070772,1.09367430145366,3956.517903,3114.3509755,111.507674853895,0.882849080617188,-1.16094740540541,12.9084371351351,12778.8786630137,30105.521539726,0
1986,1639612916666.67,8.35951646666667,7.43805389166667,2.47583045,3.59013294857143,0.48589414516129,19.2576005423669,0.524972284712509,15.22467725,0.781831459604271,7.04800336940406,3943.2937775,3120.7284675,11637305416666.7,5.183464725,8.053938225,3.59013294857143,0.48589414516129,20.4466636062366,1.09467698119485,3943.2937775,3120.7284675,100.251911063075,0.891561428256266,0.385229029888889,11.3722056194444,5211.03596219178,37868.7907835617,107.495269808521
1987,1638709516666.67,7.41058945,7.40241538333333,2.164246,3.54253935642857,0.473089693548387,19.2923157693607,0.506734479501451,14.143794,0.79860494662065,7.05338632064974,3911.00022425,3134.05429175,11628356166666.7,4.71225561666667,8.18161371666667,3.54253935642857,0.473089693548387,20.1474676818044,1.12522967950655,3911.00022425,3134.05429175,78.468186290219,0.682772763148352,1.95297064324324,9.66657171891891,0,53954.9931150685,159.384540068603
1988,1640699750000,7.93652624166667,7.38842358333333,1.7390067,3.26012440107143,0.498799048387097,19.4914585482926,0.532089203701815,15.6051165,0.726754192228296,7.16038064376154,3884.627161,3132.6097085,11648142166666.7,4.68297770833333,8.3294073,3.26012440107143,0.498799048387097,20.5493908411094,1.16528917572861,3884.627161,3132.6097085,71.6696847398063,0.820255419329369,2.4314666054054,9.25543538378378,0,47102.0746693989,397.238434035519
1989,1641807133333.33,8.50177399166667,7.40687951666667,3.136002,3.393150265,0.515246693548387,19.6306765854919,0.561123582626451,14.9643135,1.12014610509609,6.62469384911398,4032.73095425,3119.71017175,11659111666666.7,5.64944875,8.39068835833333,3.393150265,0.515246693548387,20.8946003835702,1.17119629000167,4032.73095425,3119.71017175,123.101297036455,1.44892029500865,2.06705667222222,9.66679010833333,952.839440219176,56392.5529917808,133.390598173425
1990,1639451166666.67,8.25528151666667,7.45561195,3.3406736,3.53399503535714,0.532799483870968,19.6483898694887,0.579248491003392,15.3078595,0.910170983854925,6.84377557568147,4007.1720235,3118.9973435,11635642333333.3,5.122385675,8.3541247,3.53399503535714,0.532799483870968,21.1208654765913,1.18572226624531,4007.1720235,3118.9973435,99.1988434208204,1.13486727400219,1.17740989081081,10.5972906216216,8027.28177342467,58515.5856876713,0.842038254657534
1991,1639008525000,8.18574511666667,7.44506575833333,1.70468185,3.8369950975,0.524013080645161,19.444486168788,0.54882511845424,15.073838,0.843419589748938,6.95579000662872,3953.64090875,3115.98217375,11631233750000,5.12721776666667,8.40327349166667,3.8369950975,0.524013080645161,20.5205893084401,1.21892269761459,3953.64090875,3115.98217375,87.1840463953216,0.936677532860078,1.24593604388889,10.5429393111111,11008.4625658082,51919.0318849315,256.922285610548
1992,1640588150000,8.95156883708333,7.4860726,2.358387815,3.32908207964286,0.528341580645161,19.4451501378168,0.544306790492547,17.11852925,0.843034087296104,7.02877532040348,3920.64698875,3115.44383625,11646989666666.7,5.130410425,8.6135029,3.32908207964286,0.528341580645161,20.2524260616195,1.29565706419724,3920.64698875,3115.44383625,83.9196626814455,1.0967768106432,2.15879767837838,9.53755314864865,3598.1102647541,54270.9613005464,512.272185792351
1993,1641499216666.67,8.872318625,7.5376947,3.5064505,3.02182006107143,0.536124225806452,19.3154934134702,0.600056439369641,16.029249,1.00697678206537,6.67750571802589,4055.629895,3114.8802975,11656178666666.7,5.83268755,8.75099871666667,3.02182006107143,0.536124225806452,19.9094902055611,1.31931995135253,4055.629895,3114.8802975,108.769862209357,1.17042968521122,1.76899272222222,9.81865168055555,0,67227.2774328767,85.7151755608493
1994,1642594341666.67,8.04347569166667,7.65729948333333,3.2753413,2.60943873571429,0.609010774193548,20.3170933029614,0.665813963046873,14.3862525,1.38240575091158,6.31958722295958,4151.210778,3113.2789455,11667150250000,5.17495585,8.79459185833333,2.60943873571429,0.609010774193548,20.4546588635399,1.35100697726644,4151.210778,3113.2789455,127.960775922003,1.94859988006223,0.860912255405406,10.6961345675676,3050.11370810959,68153.9113972602,0.30955611939726
1995,1642213600000,8.57995808333333,7.70642376666667,2.5491542,3.27666902785714,0.604374467741935,20.5486917938796,0.634554142307479,15.53033125,1.32299373338259,6.28421880480147,4169.91866725,3115.23636475,11663397916666.7,5.60372768333333,8.75698285833333,3.27666902785714,0.604374467741935,20.6459011188075,1.33675625791357,4169.91866725,3115.23636475,129.641146894118,1.94508470963845,-0.235928102361111,11.8147483888889,25954.0980578082,62808.996649315,0
1996,1640703908333.33,8.7493899,7.59771100833333,2.73623825,3.6301494,0.562045306451613,20.1680492039245,0.577434250222331,16.43315375,0.7814610431927,6.85183672725644,4069.4910175,3137.01664,11648068083333.3,5.27180933333333,8.625919025,3.6301494,0.562045306451613,21.2194370223629,1.36479352543833,4069.4910175,3137.01664,92.0952083733829,0.90171469650047,-1.77920417027027,13.3889717567568,38022.6229918033,63799.7979562842,0
1997,1641537008333.33,8.38098174166667,7.64941609166667,2.8713888,2.80378681178571,0.573262096774193,20.1628478561418,0.635661864585287,15.2663845,1.13765160771329,6.49599519237145,4105.92261275,3131.15842275,11656519416666.7,5.12812851666667,8.564560575,2.80378681178571,0.573262096774193,21.2642600737478,1.39197108484852,4105.92261275,3131.15842275,103.128750452913,1.58292648009953,-2.57705386944444,14.2044050555556,31603.594539726,59886.8390876712,0.00165104542465753
1998,1641335233333.33,8.94766949166667,7.71348141666667,4.44741835,3.29986771464286,0.635775274193548,20.9510215191462,0.698104333464676,14.95125725,1.45339065157406,6.08597378044212,4288.1585085,3115.503121,11654437583333.3,6.2175671,8.54637058333333,3.29986771464286,0.635775274193548,21.6731263343788,1.41417419744844,4288.1585085,3115.503121,157.978480750284,1.85975638451573,-2.41615098378378,14.0146263783784,27357.4093561644,62836.9618383562,0
1999,1640700633333.33,9.40176073333333,7.67494309166667,4.2140413,3.23559290107143,0.576367822580645,20.9105692606016,0.651542297905276,16.40774475,1.14480006767582,6.25322670112135,4269.469086,3117.0439885,11648244500000,6.0855863,8.55126615,3.23559290107143,0.576367822580645,21.8647066019196,1.42378287270787,4269.469086,3117.0439885,146.594734715262,1.4267385179995,-1.98573385,13.5365418333333,39452.4113178082,66018.8478054795,0.0486203938356164
2000,1641302383333.33,9.12557565833333,7.658974975,3.82425705,2.67600892678571,0.613095419354839,20.6541706930761,0.667226839421367,16.46245675,1.42104527917024,6.00036968591576,4324.7794375,3132.916395,11654262833333.3,5.76962330833333,8.56158095833333,2.67600892678571,0.613095419354839,21.8430747046324,1.4478531238064,4324.7794375,3132.916395,140.501755483416,1.87155377376679,-1.56475207567568,13.0710867837838,44423.3630027323,65790.1380273224,0
2001,1641353908333.33,8.780439375,7.54841588333333,3.1794336,3.03136409285714,0.584923693548387,20.483421671402,0.64673967093642,15.7465885,1.16627333495259,6.36189505081956,4211.178148,3164.565353,11654688500000,5.66092294166667,8.4934995,3.03136409285714,0.584923693548387,22.332607738786,1.48050021140859,4211.178148,3164.565353,120.471082304037,1.73222091100539,-2.32609175555556,13.8371373333333,40339.2183178082,65531.3751589041,0
2002,1641958650000,8.55220876666667,7.5098498,3.0071643,3.37802683535714,0.600598709677419,20.761701715034,0.646506244467385,14.45253425,1.46447384329106,6.03845856586856,4296.25001175,3159.07520175,11660585750000,5.7265509,8.44596331666667,3.37802683535714,0.600598709677419,22.472933608341,1.49463326013546,4296.25001175,3159.07520175,130.997293325945,1.92311107808779,-2.62010111621622,14.1501495675676,38548.738830137,66419.8046136987,0.00164834816438356
2003,1639733400000,8.91028961666666,7.47129563333333,2.9584067,3.27248857321429,0.583861338709677,20.3799019331436,0.650811192354431,15.74351175,1.20076794551827,6.27203447859193,4273.47111425,3150.76573175,11638536333333.3,5.80435685833333,8.371619725,3.27248857321429,0.583861338709677,22.4335935718417,1.51960319277299,4273.47111425,3150.76573175,134.488745925243,1.64976779636029,-3.38388702222222,14.9474115277778,44573.2036821918,66735.8193890411,0.00809462082191781
2004,1640909033333.33,9.17583928333333,7.56117151666667,3.2483571,2.99635956071429,0.610202403225806,20.499847337405,0.724846894644513,15.9282295,1.25919547804754,6.13700608043035,4340.01443675,3140.35014925,11650389166666.7,5.98651298333333,8.46142005833333,2.99635956071429,0.610202403225806,22.4906032979273,1.56195035485119,4340.01443675,3140.35014925,152.550228643697,2.07596475928003,-1.54156615178378,12.9715242432432,53862.2787595629,70550.4700956284,13.0116467690164
2005,1641874750000,9.85064583333333,7.69242029166667,4.00712275,3.375761305,0.820973774193548,21.1893523237285,0.830476406361932,16.479708,1.83057184158057,5.21571096430973,4635.5380605,3127.8907705,11659838583333.3,6.372780875,8.52511948333333,3.375761305,0.820973774193548,22.2123169947029,1.5379424618453,4635.5380605,3127.8907705,200.839621540525,2.49194361159112,-1.00436806388889,12.2084360555556,37204.6012,62589.6084821918,0.00910879701369863
2006,1640322041666.67,8.6879742,7.63903146666667,4.22826495,3.78442608964286,0.740769451612903,21.0664727426311,0.777698051487791,15.8299125,1.37532452309438,5.94566114655346,4375.71654425,3140.40956175,11644588666666.7,5.57796956666667,8.46720625,3.78442608964286,0.740769451612903,21.8950701043412,1.47780973383685,4375.71654425,3140.40956175,141.267649467558,2.28228492052753,-1.73565985945946,12.9528574864865,41085.1954136986,61068.2418410959,0.00372417178082192
2007,1641273425000,8.89840339166667,7.5883085,2.8406152,3.32476455821429,0.687252838709677,20.9196510718579,0.741135763894056,16.0874545,1.36296711099158,5.78522306080384,4487.931903,3161.281918,11654043250000,5.76883059166667,8.4598593,3.32476455821429,0.687252838709677,21.7595507606425,1.44416153186574,4487.931903,3161.281918,153.980889114166,1.83427128630711,-1.47624315722222,12.7176621111111,31799.5647753425,59970.5528712328,0.00269806956164384
2008,1641895241666.67,9.29091281666667,7.62855880833333,3.74713025,3.52367046535714,0.724861483870968,20.6986394175957,0.757625302806689,15.80025075,1.38973708652951,6.06843455586812,4332.69528325,3158.02568075,11660045166666.7,6.08970778333333,8.41690890833334,3.52367046535714,0.724861483870968,22.0209465961676,1.41928017064417,4332.69528325,3158.02568075,149.20977590942,2.3900619960808,-2.65776067297297,13.9349556756757,27943.7247650273,54668.6453743169,0.0243702098360656
2009,1641149575000,8.825885575,7.59995819166667,3.9576458,3.84443304071429,0.6509435,21.0757938401705,0.715120106998643,15.07897675,1.58874038766414,5.69644644457145,4488.35393025,3165.21289025,11652640833333.3,6.01678550833333,8.35006421666667,3.84443304071429,0.6509435,22.1344614746421,1.37142558015259,4488.35393025,3165.21289025,167.666603989978,2.29430893284441,-3.3591512,14.6904764324324,28593.9150547945,54069.6724438356,0.00118030167123288
2010,1639240925000,8.29629555833333,7.50035258333333,3.24252885,3.24223446964286,0.519855225806452,20.4524089776885,0.612284525488038,15.52972625,1.01430302230676,6.32075962255326,4303.6911475,3183.7610425,11633569500000,5.25056804166667,8.354186825,3.24223446964286,0.519855225806452,21.6091441387629,1.35600780284247,4303.6911475,3183.7610425,100.382457524518,1.10659501400986,-2.11290300583333,13.555083,29973.2152684932,62291.079120548,8.10750545172603
2011,1641532725000,8.803230475,7.39550194166667,2.889426,2.95659957178571,0.508997564516129,20.0705828294722,0.608202314903666,15.90340975,0.898417355373633,6.51626249946035,4230.70015125,3197.37353375,11656332583333.3,5.66029784166667,8.39558043333333,2.95659957178571,0.508997564516129,20.5599901335506,1.40857446093205,4230.70015125,3197.37353375,98.9983626292538,1.22980880840552,-0.0603924645621622,11.5770662702703,30495.3654219177,70064.7922958904,0
2012,1640800575000,9.35716966666667,7.45334043333333,3.2904691,2.81260461464286,0.622629790322581,20.0802891241416,0.704406475627902,17.1669085,1.15497875629554,6.15163878527667,4334.7690545,3175.5831445,11649227250000,5.71043170833333,8.36869489166667,2.81260461464286,0.622629790322581,20.3235783431795,1.4273199835009,4334.7690545,3175.5831445,121.321020568807,1.29688409987114,-0.770210252777778,12.3150461944444,26688.5610163934,66012.4772513661,0
2013,1641040300000,9.7404686,7.534842525,4.3177363,2.76433809392857,0.736244322580645,20.8133886984949,0.763922618780849,16.62404625,2.00584827629035,5.18424283667408,4598.54986775,3165.48892775,11651415416666.7,6.18449488333333,8.33762286666667,2.76433809392857,0.736244322580645,20.7761767763284,1.41166452892703,4598.54986775,3165.48892775,183.718083973141,2.86251548871807,-1.31367983540541,12.8438513783784,25107.9105013698,60018.233230137,0.0530183010410959
2014,1640110475000,9.63122733333333,7.48659201666667,3.4593933,2.91163327714286,0.595593725806452,20.3905933932941,0.677647240943807,16.88496425,1.32350283944786,5.95269899821853,4407.98467525,3176.36135025,11642148250000,5.98914283333333,8.35279323333334,2.91163327714286,0.595593725806452,20.9566127308911,1.3948100585585,4407.98467525,3176.36135025,137.746355598667,2.12270030932127,-0.75575845,12.2416468611111,28017.9208876713,64651.8800657534,0.00709403298630137
2015,1642026500000,8.62746425,7.56084131666667,3.1528401,3.24518948214286,0.674899306451613,20.3056028451816,0.736982138417978,15.9314575,1.34086796230904,5.92371064278449,4414.84355725,3173.17416725,11661222750000,5.69648959166667,8.41142405833333,3.24518948214286,0.674899306451613,20.5701827175761,1.40065293856311,4414.84355725,3173.17416725,138.348791009873,2.06709125193909,-0.0396979171081081,11.452480027027,24571.0138980822,62770.0695232877,4.60576269156164
2016,1640305391666.67,9.36817199166667,7.59197668333333,3.4962207,2.73450835892857,0.622630935483871,20.0474479016092,0.700400208891173,16.84442275,1.25717141099025,5.97061274957269,4416.00415125,3160.33563375,11644123500000,5.91593461666667,8.48471301666667,2.73450835892857,0.622630935483871,20.1030133426902,1.37682686184326,4416.00415125,3160.33563375,132.244629245443,1.95503042030904,0.783645598055555,10.6418183055556,12887.6142198087,59570.4341311475,211.697061254289
2017,1641085008333.33,8.86255901666667,7.53633060833333,2.59634885,3.32280459035714,0.630459064516129,20.0507016544882,0.668231147043852,15.593046,1.14705554234397,6.34491171621146,4245.48798975,3166.48800725,11651841583333.3,5.72374878333333,8.58652289166667,3.32280459035714,0.630459064516129,20.4167263229136,1.37126274266305,4245.48798975,3166.48800725,111.868565504829,1.81723514618434,1.42422124324324,10.0133365324324,4270.40583095891,58184.0019205479,311.214127418329
2018,1642146391666.67,8.78381259166667,7.62984591666667,3.75891405,3.29723570285714,0.630675338709678,20.4597514278902,0.703514285890768,15.5002785,1.18779268558952,6.03672052253359,4420.02333325,3170.85996075,11662495916666.7,5.89069505,8.64982148333333,3.29723570285714,0.630675338709678,20.5065345310508,1.32710775698163,4420.02333325,3170.85996075,129.034583068704,1.65014492961146,1.42630514444444,10.0939012777778,326.57574849315,67089.9791780822,52.7152586317534
2019,1641809766666.67,9.47156518333333,7.579121725,2.93773255,3.23543871142857,0.603641370967742,20.640902663,0.652383917603756,16.58281175,1.13220006630521,5.93574583753001,4505.516154,3167.020949,11659164083333.3,5.713571575,8.64489289166667,3.23543871142857,0.603641370967742,20.8105369336742,1.32590615355687,4505.516154,3167.020949,143.87460721787,1.43597874099385,0.925032101891892,10.6304181621622,1375.38694071233,68702.5435424657,2.09547370106849
2020,1640938016666.67,9.44077098333334,7.61574773333333,3.8851377,3.45318149035714,0.591290129032258,20.4327982284998,0.685657558985569,15.89246425,0.9969867593842,6.27354342768255,4357.9109695,3165.1531245,11650379916666.7,6.31307695833333,8.57644371666667,3.45318149035714,0.591290129032258,20.4810217782358,1.31994726471228,4357.9109695,3165.1531245,117.162275032921,1.24283855627335,0.372838039402778,11.2298334444444,17158.9906907103,60335.6117568306,0
2021,1641864366666.67,9.513192725,7.61983256666667,3.61910115,3.5829282875,0.601309177419355,20.6221003287196,0.687171300878325,16.696937,1.10555137538939,6.0731927000234,4410.6973105,3160.3145905,11659646250000,6.14340334166667,8.512041575,3.5829282875,0.601309177419355,21.0041063759349,1.35428486654834,4410.6973105,3160.3145905,149.580618533725,1.17867525335801,-0.3242765554,11.9657955675676,21575.5259315069,63185.6985013699,1.0016936150137
2022,1640761350000,9.2247282,7.605811325,3.8100767,3.36805446178571,0.643191677419355,20.8718094675088,0.724562958782229,15.79393275,1.15262537804045,5.91768147838726,4500.847235,3181.890115,11648739166666.7,5.75030968333333,8.43602244166667,3.36805446178571,0.643191677419355,21.6455724217445,1.40864135014676,4500.847235,3181.890115,147.466642928744,1.41908469326891,-0.886319895277778,12.5351878888889,31889.7746575343,61574.7018849315,0.0132013924109589
2023,1641109558333.33,9.84488965833333,7.6561748,4.40920155,3.97465012428571,0.705798161290322,21.8045014701536,0.785893798916175,16.50929425,1.6716056465908,5.18697448414418,4717.378552,3166.082827,11652351750000,6.62064105,8.36409111666667,3.97465012428571,0.705798161290322,22.5890676401005,1.40910153525188,4717.378552,3166.082827,207.548748218496,2.36060507747958,-1.80482748378378,13.4342197837838,27901.1663726028,45524.1966219176,0
2024,1639219700000,9.03765396666667,7.58634475833333,3.13160075,4.92723893464286,0.679711129032258,21.6026724030201,0.711191664425508,16.1488745,1.21714925963334,5.85061883524002,4514.28656325,3179.63264325,11633387666666.7,5.44274339166667,8.30812673333333,4.92723893464286,0.679711129032258,22.9891382142176,1.38842867756379,4514.28656325,3179.63264325,140.355497641349,1.44932766584618,-1.72655349444444,13.3835751111111,23610.6013251366,50952.5526311475,1.89321734467213
2025,1640176516666.67,9.25894423333333,7.56540859166667,3.15486595,4.62314582714286,0.609457112903226,21.4865451368398,0.680140674471372,16.38061025,0.979114121061808,6.10527667699531,4457.13657475,3170.32679475,11642815250000,5.80407986666667,8.44044266666667,4.62314582714286,0.609457112903226,22.2086391112573,1.41905978157672,4457.13657475,3170.32679475,137.38487292329,1.02965896727719,0.690623350102703,10.9172806027027,26340.2819178082,56006.0692383562,250.107154052877
2026,1641685058333.33,9.76893080833333,7.714011625,4.02146175,3.74716911107143,0.688701451612903,21.9919185689789,0.805941061710134,16.32681825,1.5965633568333,5.06841285721379,4798.70856475,3172.48623225,11657930333333.3,6.49391330833333,8.56213860833333,3.74716911107143,0.688701451612903,21.6510523969161,1.41472112969204,4798.70856475,3172.48623225,208.007688446761,1.82764900962785,1.19407551222222,10.3264111944444,1476.34830183562,63852.126980822,7.32815623646576
2027,1641416400000,9.474667,7.87362501666667,3.92815,4.05386590464286,0.828065709677419,22.0176262321519,0.865249536754077,17.091837,1.55624914966874,5.09387560856631,4805.746645,3164.4011725,11655507166666.7,5.884164925,8.588019925,4.05386590464286,0.828065709677419,21.6309610666321,1.37481772453691,4805.746645,3164.4011725,198.495680266266,2.04106335216835,0.180563370540541,11.2578329459459,12631.7247768493,47867.8741616438,0.0158609301369863
2028,1639035958333.33,10.0022531166667,7.72676374166667,3.87358535,3.51938103321429,0.695714241935484,21.382371288693,0.729595739016638,16.94340925,1.05722226756586,5.94123561522153,4516.977231,3184.793051,11631625083333.3,5.61791354166667,8.53697365833334,3.51938103321429,0.695714241935484,22.5690389415806,1.40617485477258,4516.977231,3184.793051,125.766637879546,1.48938838446724,-0.779947898648649,12.1887491081081,26851.1143961749,51514.7497868853,0.0609128942349727
2029,1640209475000,9.113853575,7.701140175,3.00926375,4.83974740035714,0.685128,21.9164314253447,0.72998209243632,17.0584495,1.09507676489423,6.02277228375489,4459.24090425,3180.03325925,11643190333333.3,5.35476316666667,8.554809975,4.83974740035714,0.685128,23.0696723496512,1.44263065523374,4459.24090425,3180.03325925,132.211540446709,1.30828599626959,-0.950877569722222,12.3772845277778,29516.9199205479,59520.73,21.0284951043562
2030,1642379125000,9.38085883333333,7.7093915,3.19172405,3.94964101892857,0.627468096774194,21.8332750563072,0.713019496515773,16.1267215,1.14201369746398,5.71931798606325,4621.99731275,3196.11912525,11664967750000,6.05390560833333,8.64567788333333,3.94964101892857,0.627468096774194,22.4858480103944,1.48886270886758,4621.99731275,3196.11912525,145.809355560664,1.42132967304151,-0.489480581351351,11.8609272162162,31243.2026684931,66540.3647287671,0.0211079385753425
2031,1642089400000,9.69540879166667,7.80184905833333,4.17460395,4.37872585535714,0.708920935483871,22.3648370672452,0.812140566928195,16.99065025,1.44452328136973,5.43351864479705,4674.13304025,3180.63712525,11662037666666.7,6.22990848333333,8.63539734166667,4.37872585535714,0.708920935483871,22.9874451503343,1.5319555257856,4674.13304025,3180.63712525,163.766202196826,1.47059531977285,-1.63548215083333,13.0072636388889,32083.9586082191,63240.6730109588,0.00348725698630137
2032,1640630416666.67,9.89049066666667,7.71806635833333,3.6576008,4.19607296928571,0.683811016129032,22.2624010191513,0.772678433169833,17.61375325,1.29961418158823,5.40665729576334,4732.63868625,3183.77938375,11647340833333.3,6.21424529166667,8.612297225,4.19607296928571,0.683811016129032,23.1091157160072,1.57542923685007,4732.63868625,3183.77938375,172.856552849283,1.57464010329946,-1.63211473513514,13.0336308108108,40179.7791284153,66750.6570382514,0.0256543101639344
2033,1640994533333.33,9.89171300833334,7.65689188333333,3.93821665,3.71321010892857,0.665959419354839,22.3261892072685,0.802793894991105,16.346687,1.43403385596153,5.40324525583042,4700.9979785,3181.8835885,11650876416666.7,6.607578175,8.57819008333333,3.71321010892857,0.665959419354839,23.3067993503766,1.62898225825338,4700.9979785,3181.8835885,170.959442696709,1.89074255648905,-1.50964244444444,12.8921854722222,45690.2240191781,70049.095019178,0.00262695021917808
2034,1642357191666.67,10.13519685,7.62937918333333,4.8189402,4.50568297678571,0.745564451612903,22.8761224859599,0.864533108759284,16.44330575,1.7151505967109,4.85894729096849,4880.80710925,3170.38406425,1.1664503e+13,6.90501444166667,8.447034725,4.50568297678571,0.745564451612903,24.2184422225302,1.65547519400732,4880.80710925,3170.38406425,227.027173133234,2.46143529741098,-3.22689350540541,14.6167045405405,43454.7882876713,64258.4347369863,0
2035,1641765675000,10.2535871333333,7.61364873333333,5.49019095,4.82564512607143,0.74848614516129,23.2442034839182,0.860577530944834,15.660126,1.81579776385827,4.60202816710256,4946.84754275,3176.21561525,11659068083333.3,6.981594925,8.31960745833333,4.82564512607143,0.74848614516129,25.0377421731122,1.64901735698835,4946.84754275,3176.21561525,226.138592308001,2.33389903763511,-4.61665806111111,16.0236762777778,44888.7406054795,61797.377260274,0
2036,1641459025000,10.5371548916667,7.56283040833333,5.2423156,4.89450737571429,0.758815677419355,23.0310468301499,0.834996785905428,17.06360975,1.75605193239818,4.77496016750957,4915.65745275,3196.07888275,11655793333333.3,6.78145911666667,8.25477410833333,4.89450737571429,0.758815677419355,25.8727801961886,1.66198683449778,4915.65745275,3196.07888275,201.934784554795,1.65034242836,-5.9846735972973,17.4205916216216,43320.8710846994,55854.7698060109,0
2037,1639698516666.67,10.1407383333333,7.50326095833333,4.5467934,5.160979615,0.776233903225806,23.5559982603327,0.843270299450279,17.0345215,1.71107487922464,4.60266368471732,4991.92583425,3203.93701425,11638140250000,6.58135975833333,8.19202524166667,5.160979615,0.776233903225806,26.4568920982514,1.70494596743809,4991.92583425,3203.93701425,223.905656275478,2.13363980040619,-6.45225569722222,17.8957961944444,43224.6392739726,59945.5144876712,0
2038,1642687291666.67,9.54409589166667,7.52575575,4.40887575,5.0244834275,0.726325338709677,23.3262188869955,0.879628890937951,16.065311,1.68692255554209,4.89265387019845,4892.91527475,3208.84716975,11668142750000,6.55769374166667,8.21778669166667,5.0244834275,0.726325338709677,25.3935667374608,1.68423445843153,4892.91527475,3208.84716975,197.202616973779,1.99933595267367,-4.08137965405405,15.4885666216216,39595.4229424657,63119.3083972602,0
2039,1641155050000,10.1525206083333,7.40708540833333,4.41079895,4.56571643071429,0.749176870967742,23.2378844486567,0.852764151657193,17.219648,1.66124824658612,4.62731028485077,5015.51710725,3220.20356225,11652518916666.7,6.75206953333333,8.11820375,4.56571643071429,0.749176870967742,24.8993328062923,1.67159163613937,5015.51710725,3220.20356225,220.558728969261,2.12770789378264,-4.38375366666667,15.8157215833333,39766.2229095891,64264.6116876713,0
2040,1641761716666.67,8.75750255,7.29194408333333,4.23801295,4.48278599035714,0.705796080645161,22.7312964014121,0.846336841853044,14.97731275,1.60064782929827,5.0446576354332,4839.28011325,3252.70319575,11658751583333.3,6.07839085,8.01609260833333,4.48278599035714,0.705796080645161,24.8033072597619,1.68493357717242,4839.28011325,3252.70319575,176.107459385446,2.17495159620244,-4.24733872972973,15.7210911351351,44743.944715847,66017.9976366121,0
2041,1641092883333.33,11.0241519916667,7.286547175,4.82557455,3.83867244928571,0.749204048387097,22.5763077536247,0.867860372609916,18.98625075,1.2578441913648,5.05262197272874,4914.472536,3243.4548885,11651913333333.3,6.634439975,7.94554346666667,3.83867244928571,0.749204048387097,25.4530211007619,1.72599591100862,4914.472536,3243.4548885,202.477116146504,2.02438347037548,-3.392642575,14.9296066111111,49278.4932493151,66474.419230137,0
2042,1642248775000,9.58539726666667,7.28658979166667,4.68490485,4.70282704071429,0.789003290322581,23.3522208099946,0.959757500805124,16.2539505,1.68946892799322,4.19453463149876,5117.717556,3235.0752835,11663803166666.7,6.526652775,7.97318005833333,4.70282704071429,0.789003290322581,25.100787845142,1.71450853860112,5117.717556,3235.0752835,227.078745541276,1.91086642103187,-1.72064046756757,13.187550027027,53703.6083780822,68533.5606986301,0.00743124950684932
2043,1642567925000,9.971236325,7.29489939166667,4.53208855,3.58325880964286,0.872063064516129,23.639372861695,1.00957546815861,16.173338,2.46757700336285,3.99458880553683,5184.20866625,3242.19530625,11666793333333.3,7.083495675,7.98641523333333,3.58325880964286,0.872063064516129,24.5255505268753,1.71100820748194,5184.20866625,3242.19530625,274.911844102889,3.70999657639769,-1.68517059444444,13.07139125,39026.6188958905,62606.5622958904,0
2044,1640939800000,9.6020963,7.25074940833333,4.2479901,5.40136141214286,0.863003064516129,24.0516980536425,0.939471760967368,16.124117,2.13560070578172,3.72649697750453,5265.394486,3252.8399735,11650451916666.7,6.19887756666667,7.93289808333333,5.40136141214286,0.863003064516129,25.0475882948756,1.68198502162586,5265.394486,3252.8399735,241.569802673233,2.58222914028441,-1.94064218918919,13.3637767297297,42180.462773224,60847.2535819672,0
2045,1642048033333.33,10.074033625,7.14428456666667,3.59281785,4.92184727857143,0.782598080645161,23.3377871992847,0.863906812883436,17.82218575,1.49854088279534,4.79396967341584,4974.8320595,3257.381307,11661418416666.7,6.02867218333333,7.86655311666667,4.92184727857143,0.782598080645161,24.8057492776579,1.67755372456702,4974.8320595,3257.381307,179.897730933832,2.10942615266178,-2.02024728055556,13.5193032777778,31667.4689479452,62779.8618465754,0
2046,1641545816666.67,8.9644004,7.06235593333333,3.54302245,5.02654302428571,0.751102370967742,23.3715484507286,0.884676757465695,15.0378065,1.64463972826882,4.64446549804041,5001.95933225,3273.49707975,11656419166666.7,6.1388167,7.75106113333333,5.02654302428571,0.751102370967742,24.5511129493205,1.65695297906543,5001.95933225,3273.49707975,198.239049935472,2.1933653871388,-3.02480364054054,14.5958861891892,38300.2269315068,62320.4942,0
2047,1641004016666.67,9.63281283333333,7.09394393333333,4.2262251,4.82287604785714,0.821577758064516,23.1158205569868,0.903935402991502,17.8905015,1.4408024921986,4.81395225675589,4964.4604425,3265.8150525,1.1651056e+13,5.71951744166667,7.69464018333333,4.82287604785714,0.821577758064516,24.7332616921957,1.65484268208905,4964.4604425,3265.8150525,166.57905090342,1.86947938114689,-3.36605565277778,14.9833231944444,36556.6022986302,57933.8501369863,0
2048,1640238075000,10.3113898,7.02519791666667,3.5941325,4.08841468964286,0.775376967741935,22.8484041206725,0.849522500644592,18.6748705,1.32348143199578,5.0979454831967,4876.80252225,3274.99500225,11643508416666.7,5.96895481666667,7.72740013333333,4.08841468964286,0.775376967741935,24.2356675104664,1.67669700314994,4876.80252225,3274.99500225,171.016300295711,2.12452307541175,-1.10071213297297,12.6337331621622,40833.3119699453,63082.9415737705,0
2049,1639412950000,9.95526458333333,7.05199014166667,4.379785,4.41820256714286,0.787341661290323,23.4326819008868,0.936514324963055,17.42594775,1.85563385038254,4.044399606941,5161.558869,3272.713559,11635373916666.7,6.22978918333333,7.770136575,4.41820256714286,0.787341661290323,24.0948440610007,1.71974453771549,5161.558869,3272.713559,210.093119789399,1.92720908924351,-1.18685102567568,12.5551315945946,47096.3240958904,67074.1292246575,0
2050,1642120841666.67,10.5596739,7.10714015,5.20189205,3.87057087142857,0.857703629032258,24.1357128729351,1.01377576484074,17.15761075,2.49950997797155,3.22369359616599,5419.45761875,3242.81626625,11662428916666.7,7.10814035833333,7.83948065833333,3.87057087142857,0.857703629032258,24.7909200032795,1.78649595102505,5419.45761875,3242.81626625,278.264374020222,3.13398299263676,-1.05260563138889,12.3280531666667,53532.6367041096,67056.0155506849,0
2051,1640969783333.33,10.2059075416667,7.14545344166667,4.3838199,5.13571080464286,0.974903741935484,24.4137204832782,1.03713546393835,16.97575,2.2099584767358,3.20087551874765,5477.87634225,3271.82892475,11650795333333.3,6.51944763333333,7.86338355833333,5.13571080464286,0.974903741935484,25.0525233612217,1.77956440805564,5477.87634225,3271.82892475,252.32641137509,2.15361068956043,-1.51356262162162,12.7374346486486,41963.5559123287,62689.0542630137,0
2052,1641965141666.67,10.019270675,7.19729336666667,4.41751695,4.72173583535714,0.972296838709677,24.370889170074,1.09548498098557,17.0386335,1.79769504971474,3.18927027987394,5506.64350325,3265.51729825,11660891416666.7,6.6833217,7.92114725,4.72173583535714,0.972296838709677,24.7890099135827,1.80150940120841,5506.64350325,3265.51729825,261.240125105175,1.80796182685647,-0.973795187777777,12.2238478055556,37538.5104125683,62472.4649699454,13.9927094936885
2053,1642231650000,10.4910313166667,7.22486098333333,4.45940775,4.58714607142857,0.966177016129032,25.2741215436178,1.10613067806671,17.36165225,2.53602470778508,2.87931198639268,5609.733747,3272.9882545,11663388750000,7.091964025,7.973965825,4.58714607142857,0.966177016129032,25.047639257347,1.82755233939457,5609.733747,3272.9882545,316.45192446236,3.37897175679472,-0.486548858378378,11.750682,41148.3973342466,66757.1915342466,0
2054,1641766625000,10.9002635,7.30510608333333,5.0563167,6.36666482392857,1.05057485483871,25.9371250994935,1.11003739280387,17.417955,2.72593508144409,2.58341525953975,5762.278013,3275.6543605,11659070583333.3,7.164436425,8.01701929166667,6.36666482392857,1.05057485483871,26.238013454837,1.83907610294871,5762.278013,3275.6543605,314.10347474863,3.21919888717947,-0.809982733333333,12.0145852777778,38307.4126712328,62201.1043452055,0.0235384293150685
2055,1641789266666.67,10.547085825,7.33131431666667,5.0072561,7.48962913642857,1.06319474193548,25.959120373975,1.09190317718638,17.18521825,2.10377600042561,2.87049730710991,5634.5299095,3271.6185645,11659003166666.7,7.00155355,8.045464025,7.48962913642857,1.06319474193548,26.5959212323334,1.82669693440543,5634.5299095,3271.6185645,285.520583428124,2.56308563417819,-0.730568176486487,11.9174686756757,35956.1392246575,61132.8515780823,0.0014761877260274
2056,1641558100000,10.1313199916667,7.39554618333333,4.48563285,6.56327938,0.986387403225806,26.1036737952568,1.08930944102079,16.845186,2.35331072372056,2.8517040884835,5661.857531,3272.228876,11656678333333.3,6.8068323,8.13500908333333,6.56327938,0.986387403225806,26.4964514775424,1.80577597420226,5661.857531,3272.228876,267.518335094102,2.76773311651221,-0.102492176472222,11.2699529444444,36094.7471721311,60362.6958606557,62.8956317494262
2057,1639341333333.33,9.67304545833333,7.32972716666667,3.91299105,6.24531352357143,0.911916774193548,25.0493918849757,0.986224785179832,16.2962045,1.92900263431081,3.88454307484053,5307.10150375,3294.32577375,1.1634528e+13,6.4157505,8.21419863333333,6.24531352357143,0.911916774193548,25.1494488633977,1.75546571481933,5307.10150375,3294.32577375,208.497465153368,2.2687831378782,0.149277637552432,11.0314169459459,33643.1120849315,69411.7143178082,0.672491581232877
2058,1640811691666.67,10.107095925,7.17966976666667,3.67594295,5.529701695,0.751547032258065,24.3325498297973,0.920810745763943,17.2171575,1.24845739188907,4.39452784346426,5161.080581,3305.7024035,11649209583333.3,6.52864858333333,8.20826990833333,5.529701695,0.751547032258065,25.3943061556709,1.84717151854011,5161.080581,3305.7024035,179.585423043613,1.32271912561415,-0.855283341944445,12.0473051666667,57174.6350712329,73023.7177424657,0
2059,1639870525000,9.82578926666667,7.268318275,3.97298385,5.36767048464286,0.956162290322581,24.908350594106,1.09223266236457,17.2327795,1.89063727032012,3.01008229118772,5615.9596695,3294.4783295,11639822250000,6.46134775,8.146968075,5.36767048464286,0.956162290322581,25.7899473372838,1.89449051670156,5615.9596695,3294.4783295,275.524366692404,2.1535090599354,-2.05333158378378,13.2392521621622,56534.1179068493,70096.0893972603,0
2060,1641856750000,10.1859827333333,7.19664815,3.9122155,4.11750537571429,0.819390903225806,24.5800443217626,1.01934951062541,17.3558195,1.7261030669149,3.50776020300392,5412.03234625,3299.69788625,11659712666666.7,6.78072124166667,8.13347101666667,4.11750537571429,0.819390903225806,26.3529104255095,1.92581841652041,5412.03234625,3299.69788625,231.351654524412,2.10800557778114,-2.60864611666667,13.8299176666667,57397.2167103825,71128.7731639344,0.00166289950819672
2061,1641454508333.33,10.7008608,7.18730216666667,5.07124365,4.88679176464286,0.891144983870968,25.3031414283423,1.08685444008531,17.485827,2.07371804724175,2.79907518189829,5694.55220575,3292.20469075,11655622333333.3,7.39265719166667,8.0751631,4.88679176464286,0.891144983870968,27.1256971419343,1.97572125625833,5694.55220575,3292.20469075,284.644578765741,2.3782656327327,-3.645471,14.8455463243243,57426.4784657535,70928.0509068493,0
2062,1640555466666.67,10.8396799916667,7.22136938333333,5.3022378,5.54776862214286,1.02247706451613,25.9154888609259,1.1604189112293,17.88218975,2.08418976235362,2.88765417148995,5631.24269925,3294.02852925,11646723083333.3,7.229202125,7.96925016666667,5.54776862214286,1.02247706451613,28.7224888347597,2.02356192689181,5631.24269925,3294.02852925,307.991493335746,3.20538714795411,-4.9979346,16.1769270833333,55194.9000136987,64881.9529726027,0
2063,1641842200000,11.1409645166667,7.22618030833333,5.0545733,6.92706452964286,1.07252641935484,26.0089755459346,1.20070667965295,18.07174475,1.59126103866497,2.5070016298768,5803.87011875,3281.46734375,11659509416666.7,7.348105375,7.94044619166667,6.92706452964286,1.07252641935484,29.4785279299923,2.04751918811108,5803.87011875,3281.46734375,299.527812591053,1.53045555752544,-5.61516161351351,16.7679861891892,47679.9285041096,63557.0388712329,0
2064,1640732900000,10.7618975,7.2431548,5.0670934,6.85731851892857,1.11631037096774,26.0896730720703,1.18688309386814,18.163593,1.55712547191809,2.60346087483553,5774.70861975,3297.86739475,11648620916666.7,6.95853906666667,7.974262075,6.85731851892857,1.11631037096774,29.1844383545825,2.06107861234958,5774.70861975,3297.86739475,280.416266501081,1.77993810496638,-4.54140043888889,15.6803553888889,54933.5274699454,65481.512625683,0
2065,1639741716666.67,10.3864012166667,7.18969701666667,4.38931705,5.85943103678571,1.06668382258065,25.8810636625262,1.15416455342939,17.2961285,2.34643435812289,2.54196565794842,5752.538523,3298.8595755,1.1638481e+13,6.931362875,8.05851036666667,5.85943103678571,1.06668382258065,27.8718450955374,2.02063389801016,5752.538523,3298.8595755,295.653658378527,3.00954936158418,-2.49190188918919,13.5322591081081,61694.1931589041,70086.3281972603,0
2066,1642660258333.33,10.6697914166667,7.19516683333333,4.9662527,4.84219072642857,0.912499048387097,25.9045375834229,1.1644256651995,17.373643,2.09805939061431,2.34581322591995,5860.77452225,3309.00272725,11667821500000,7.46335343333333,8.09624445,4.84219072642857,0.912499048387097,27.96989546192,2.04449594452916,5860.77452225,3309.00272725,302.056324869913,1.87792024304005,-2.13151115555555,13.2206688611111,62948.3454410959,73432.2257260274,0
2067,1642069425000,11.02906475,7.22680675833333,5.8505726,5.07554439285714,1.05291170967742,26.1975016672738,1.25764517729898,17.6934045,2.14305493184499,2.43976572542432,5839.4150585,3275.0082585,11661862666666.7,7.578103675,8.052337,5.07554439285714,1.05291170967742,27.8553782108853,2.04724617175971,5839.4150585,3275.0082585,329.835080784147,3.395329960618,-3.18104103513514,14.2724477027027,52060.1108,66967.3379808218,0
2068,1641199366666.67,10.6885767166667,7.06708833333333,4.95321765,6.37876671285714,1.02492482258065,26.1483798326491,1.13186890157818,17.80458925,2.35951143124363,2.87443693079834,5599.1943615,3311.099139,11653226333333.3,6.771197325,7.860999575,6.37876671285714,1.02492482258065,29.1231918814113,2.02605755473161,5599.1943615,3311.099139,250.00876981187,2.76071342679555,-5.02220311081081,16.1428557027027,50160.8392240437,64156.6278688524,0
2069,1641048375000,10.3735608583333,7.140333025,4.2539761,7.0071094275,1.09591479032258,25.7045035482398,1.16777280198621,18.06622425,2.01908021576121,2.80240905212857,5690.3599025,3309.0460175,11651613916666.7,6.22119665,7.79375208333333,7.0071094275,1.09591479032258,28.7683575288846,1.9613619070702,5690.3599025,3309.0460175,244.966026375527,1.77328724706175,-5.58340804722222,16.7499176944444,42391.6593260274,54018.9667726027,0
2070,1640356358333.33,10.4823686416667,7.082109275,4.85199255,6.063154225,1.02074391935484,25.7360180511321,1.13801926531529,17.37444475,1.98709205731443,2.53033603530998,5773.2353765,3313.1452815,11644619916666.7,6.91929588333333,7.786520875,6.063154225,1.02074391935484,28.0428611603147,1.94607857899454,5773.2353765,3313.1452815,269.854219895028,2.13117943913251,-3.63620001351351,14.8895411891892,47193.723490411,61761.2085041096,0
2071,1640712183333.33,10.9371781083333,7.01199060833333,5.1240044,5.60719645142857,0.9528335,26.1342800944573,1.11639728920986,17.78172975,2.23788207801735,2.04115802673956,5997.587021,3318.788446,1.1648111e+13,7.23762295,7.83755275833333,5.60719645142857,0.9528335,28.0826197303624,1.98652232081747,5997.587021,3318.788446,305.45124719918,1.96377194908793,-2.012564,13.2771256666667,56985.975969863,68615.0387945206,0
2072,1640008833333.33,10.860139075,6.97172181666667,4.94559715,5.47364623,0.957970112903226,25.0202567728501,1.1040646396674,18.5787265,1.35367844447485,3.46368689499444,5449.78083075,3318.14476575,11641133166666.7,7.02806455,7.88965594166667,5.47364623,0.957970112903226,27.3336304617343,2.03326128360581,5449.78083075,3318.14476575,208.564063129596,1.44932334877496,-1.71559625945946,12.9180419189189,60258.5575765027,72601.3610573771,0
2073,1640819033333.33,10.99169695,6.91043585833333,4.742636,4.80062243535714,0.948910967741936,25.8750829772248,1.13665485530758,17.23413825,2.43421475034384,2.10424724465857,5948.9521455,3329.7861405,11649190583333.3,7.54182860833333,7.9111788,4.80062243535714,0.948910967741936,27.548501552555,2.10579585581657,5948.9521455,3329.7861405,312.279671371468,2.25555592964147,-2.07892274444444,13.2038476666667,66913.5251780822,75843.9381753424,0
2074,1640423858333.33,10.8377786833333,7.03053315,5.77936925,5.37372105535714,1.09248322580645,26.8495788972635,1.27999171207988,18.235228,2.2793057411872,1.19956152970232,6302.508049,3327.911924,11645355583333.3,7.22569366666667,7.90662769166667,5.37372105535714,1.09248322580645,28.2221601865871,2.12634027932411,6302.508049,3327.911924,349.781743379638,2.43311713078832,-2.74047160810811,13.8364421891892,62811.7352136986,70779.4937671233,0
2075,1641388741666.67,9.97464281666667,6.9847022,4.01049765,4.82109312178571,1.02301133870968,26.5805701031737,1.23082993315553,16.60652375,2.51066876572352,2.13013282224845,6049.7855255,3329.792113,11654839666666.7,6.91786895833333,7.89443041666667,4.82109312178571,1.02301133870968,28.2023818022482,2.10770706809529,6049.7855255,3329.792113,314.331055393997,3.13944603817768,-2.74595981944445,13.8761413611111,60189.7886410959,71180.6253671233,0
2076,1641095758333.33,10.448317,6.99510511666667,4.5219473,6.14860115392857,1.00949685483871,26.5580270520046,1.19655126204125,16.940619,1.90051031892312,2.49320089689808,5787.8058685,3329.9740435,11652049416666.7,6.93371808333333,7.910470625,6.14860115392857,1.00949685483871,29.1537306771454,2.12871301804363,5787.8058685,3329.9740435,258.374736746206,1.75447442738936,-2.4737076027027,13.6692179189189,63344.191489071,72834.307,0
2077,1641182308333.33,10.28613485,7.04212633333333,5.06300405,5.416999735,1.0638265,26.163853197162,1.26673029861819,17.00861475,2.24542459567481,2.57047063252719,5873.640204,3330.0238965,11652866750000,7.16232571666667,7.90828123333333,5.416999735,1.0638265,28.3906983532415,2.10322075580779,5873.640204,3330.0238965,293.191492766857,2.17026342120713,-2.18329979166667,13.4295864444444,63798.2111123288,71583.7664876712,0
2078,1641801291666.67,10.0749889583333,7.01353939166667,4.4628908,4.53522477178571,1.03171375806452,26.4702460760896,1.26606577944308,16.8178585,2.70092381678827,2.32887454183629,5956.521529,3326.0712715,11659061333333.3,6.904330375,7.85573143333334,4.53522477178571,1.03171375806452,28.5489480208209,2.08024237941785,5956.521529,3326.0712715,304.370831094644,3.11858515125015,-2.35603961621622,13.6381263783784,59227.5231342465,70388.6028547945,0
2079,1642427958333.33,10.9564266833333,6.93858844166667,5.03813615,6.36328578464286,1.05351861290323,26.4881826392426,1.24093385639999,17.9007505,2.13459811428354,2.33396539676458,5918.89978525,3328.17039525,11665383916666.7,7.47560126666667,7.72076436666667,6.36328578464286,1.05351861290323,29.2711931862506,2.07206759089426,5918.89978525,3328.17039525,303.084303036381,1.75147947728328,-3.67254784722222,14.9819011388889,49475.6144301372,64922.2918054795,0
2080,1643069550000,10.954636175,6.91524601666667,4.6977592,6.34076096607143,1.06556464516129,26.8066365302151,1.22425716988931,17.90596675,2.08042045997792,2.05028045841857,6030.3908415,3344.7860165,11671895250000,7.193372925,7.61799448333333,6.34076096607143,1.06556464516129,29.3484610973163,2.06758987747967,6030.3908415,3344.7860165,301.385220282496,2.8914187813152,-5.12379641081081,16.4200028918919,46553.2224289618,64474.7873387978,0
2081,1639705341666.67,10.799117625,6.87381694166667,5.6247362,7.20513498428571,1.03967248387097,27.1057719377684,1.22576773255739,16.85961475,2.42122321397602,2.53089289128937,5805.75788125,3331.59165875,11638144500000,7.719179275,7.56936331666667,7.20513498428571,1.03967248387097,30.2194970919796,2.08338417403625,5805.75788125,3331.59165875,288.034685899152,2.36780332788488,-5.77045783055555,17.0416473611111,47066.6517068493,66784.0254657534,0
2082,1641332533333.33,10.4509250333333,6.816733325,3.8445842,7.53753759392857,1.07056070967742,26.6622663795886,1.16721373261935,17.81204675,1.98072956904084,2.2110447887465,5966.501052,3344.739202,11654296583333.3,6.729090375,7.51304946666667,7.53753759392857,1.07056070967742,30.1386179299899,2.09587402909797,5966.501052,3344.739202,284.51773564865,1.79776341444838,-4.90547901891892,16.2532406756757,53076.2716739726,65431.1760465754,0
2083,1639789500000,10.16136515,6.87420990833333,4.59666935,5.84148347464286,1.03719675806452,27.3582158920556,1.24230893923543,17.22597,2.79746574706511,1.91774206576101,6103.30119525,3337.64834525,11639114916666.7,6.70804629166667,7.6117622,5.84148347464286,1.03719675806452,29.418872803809,2.08167924661057,6103.30119525,3337.64834525,310.550914659153,3.29485694127035,-1.48256714194167,12.8580210833333,48604.6102849315,67655.4715013699,10.286238010411
2084,1641556783333.33,10.5230143833333,6.896116225,4.1253713,7.26311872535714,1.12129680645161,27.5932241915127,1.23311055342667,17.9985925,2.53240408889233,2.46263810901951,5864.4296505,3340.3113655,11656646416666.7,6.5267894,7.78949586666667,7.26311872535714,1.12129680645161,28.9065331305177,2.06810470955501,5864.4296505,3340.3113655,267.271308839898,3.01291180659653,0.155426836456757,11.1261767297297,38128.483079235,70149.6058770492,17.9792929744536
2085,1642650916666.67,11.0190473833333,6.84623288333333,4.8814204,7.43225008571429,1.04169124193548,27.5856552630261,1.20846661158544,17.85264275,2.02195273623341,1.98654950168918,6018.33130075,3352.21957575,11667499916666.7,7.33712833333333,7.80445920833333,7.43225008571429,1.04169124193548,28.0638684407526,2.04657895801197,6018.33130075,3352.21957575,312.962981857504,2.63743884681073,-0.768481706805556,12.0334511666667,46900.4291616438,70438.1137260275,0
2086,1640919641666.67,11.5057024666667,6.80205685833333,5.78741585,7.7467079,1.02062240322581,27.2622366763643,1.18256725254728,18.379359,1.95821583852781,2.064540742851,5971.24644975,3346.17648725,11650185166666.7,7.74420758333333,7.76734020833333,7.7467079,1.02062240322581,28.4937287153509,2.07874661462249,5971.24644975,3346.17648725,287.70161697857,1.4178298067493,-2.17397764054054,13.4158245675676,57266.0179342466,72180.9946575342,0
2087,1642200916666.67,10.749963725,6.85601211666667,5.02046845,7.10781544142857,1.09279583870968,27.4682460747092,1.26931737145429,17.429393,1.94042185690968,2.31557141137915,5873.743326,3340.7653835,1.1663175e+13,7.46785115833333,7.77113654166667,7.10781544142857,1.09279583870968,28.907710808926,2.14475374950772,5873.743326,3340.7653835,303.14418719116,3.24317300022987,-2.84737260833333,14.0569161388889,60291.6537945205,71235.5146328767,0
2088,1641625466666.67,11.2845311083333,6.90001656666667,5.88431555,6.819561745,1.04265672580645,27.7135287294864,1.27922174890794,18.10417,2.1306617008424,1.45612094624615,6216.1821145,3339.651987,11657339500000,7.97960843333333,7.72798633333333,6.819561745,1.04265672580645,29.3895700392784,2.13729079760996,6216.1821145,3339.651987,320.063910880638,1.61308074623109,-4.07077647837838,15.2479901081081,55347.3248661203,68986.067204918,0
2089,1640292608333.33,10.8815279583333,6.89415746666667,5.7609654,6.04502288535714,1.03433659677419,27.5686193902977,1.24184012409576,17.19771875,2.39063067435438,1.9183281851028,6160.74404275,3336.26455775,11644012166666.7,7.70549329166667,7.69048786666667,6.04502288535714,1.03433659677419,30.2254623997435,2.17824817179574,6160.74404275,3336.26455775,310.003679920129,2.91122632132927,-5.41405008378378,16.5651381891892,59858.9298082192,69422.4268054795,0
2090,1640897366666.67,10.94195745,6.91879114166667,6.4223928,7.12303993178571,1.05786064516129,28.7554712565751,1.33525512932348,16.7613665,2.84540953718342,1.37527692101744,6367.8186955,3329.2133305,11650136916666.7,8.27742456666667,7.71149421666667,7.12303993178571,1.05786064516129,31.5889065149754,2.21797772583887,6367.8186955,3329.2133305,373.080323107917,2.27052213000737,-4.97340355833333,16.0537632777778,64520.0211534246,71279.8878082192,0
2091,1642298375000,11.1732323666667,6.945809425,6.6014453,7.07367285642857,1.123029,28.4366405313271,1.4082196597945,17.284945,2.17554905300904,1.46124853528641,6293.965998,3320.892323,11664160166666.7,8.36701659166667,7.69637533333333,7.07367285642857,1.123029,31.6010258420144,2.2358254853188,6293.965998,3320.892323,370.306878304368,2.3558359896798,-4.83539695675676,15.8608663243243,58238.313139726,67188.8457561643,0
2092,1642955508333.33,10.7519460333333,6.9656966,6.0779342,6.85946230964286,1.22960664516129,28.6045947662516,1.43034839397518,16.14711125,3.5983277293606,1.63368907137331,6306.9784955,3335.1025405,11671053083333.3,8.05823219166667,7.60914408333333,6.85946230964286,1.22960664516129,31.1762758414371,2.16049951751033,6306.9784955,3335.1025405,362.068306168864,3.35374576173636,-5.72747436388889,16.7427357777778,44447.3910273225,56788.6164508197,0
2093,1641637158333.33,10.9827137,6.89978361666667,5.8926731,7.04518359285714,1.10571191935484,28.2070636505266,1.33785474040592,17.18228425,2.35461464628374,1.57230692450154,6288.95964275,3338.78262525,1.1657389e+13,7.8006161,7.51487334166667,7.04518359285714,1.10571191935484,31.3044783627823,2.12158022715199,6288.95964275,3338.78262525,343.871806763748,2.72645853372803,-6.62038618108108,17.6763895675676,43236.4763671233,58136.9093589041,0
2094,1639624733333.33,11.2975050333333,6.80969586666667,5.38285465,7.83059656571429,1.09734964516129,28.1839339801134,1.2683114424811,18.483214,2.41806631949702,1.32101100946328,6321.1049345,3352.3113345,1.1637326e+13,7.49542071666667,7.45025783333333,7.83059656571429,1.09734964516129,31.473632269786,2.0966502580696,6321.1049345,3352.3113345,331.784669168026,1.73926317120587,-6.02629401666667,17.1150489166667,49298.7909342466,62184.230010959,0
2095,1.640939e+12,10.9648479583333,6.716210125,5.31557575,7.13356238928571,1.04562212903226,27.0586827713484,1.23289632824567,18.496768,1.4447599693209,2.20107338657627,5885.341776,3347.2846285,11650380250000,7.22960236666667,7.42323950833333,7.13356238928571,1.04562212903226,30.3505374551081,2.09247474657271,5885.341776,3347.2846285,263.066824887133,1.43461839098284,-4.2800546972973,15.3881694054054,54007.4951698631,65753.1288986302,0
2096,1639975483333.33,10.3171462916667,6.65307604166667,3.9185229,5.36164542571429,0.985915564516129,26.6450460160798,1.19377119340111,17.6889025,1.89633152720196,2.61692883540862,5745.8238445,3364.0763445,11640908833333.3,6.59615764166667,7.47550930833333,5.36164542571429,0.985915564516129,29.9401478796808,2.11968537333665,5745.8238445,3364.0763445,233.28406392009,2.69872923027,-2.53646391111111,13.6541363611111,60471.893978142,70520.666420765,0
2097,1641367708333.33,10.7693951333333,6.60304880833333,4.6609716,6.14871969214286,1.0325189516129,27.7643359789634,1.22985739672928,17.3055305,2.82272328536678,1.50571772280181,6260.8105075,3360.1272275,11654628333333.3,7.242802325,7.459043075,6.14871969214286,1.0325189516129,29.5956140409714,2.08438870627207,6260.8105075,3360.1272275,328.890480526371,2.8791079550161,-2.42695285675676,13.5292065945946,55558.0394328768,68386.8273315068,0
2098,1640996075000,10.7456787666667,6.57906223333333,4.37813915,6.94569611464286,1.02321924193548,26.9744761956148,1.17931388321736,18.7447625,1.68928653119303,2.46303883996954,5823.96622625,3354.83803375,11651020583333.3,7.0508328,7.421643525,6.94569611464286,1.02321924193548,29.0222984834403,2.05362993485343,5823.96622625,3354.83803375,273.240533281519,2.42803761464482,-3.67663901111111,14.7875715,56761.6099232877,68759.8460520548,0
