"Year","Temp_an_surf","Sal_an_surf","Temp_win_surf","DIN_win_surf","DIP_win_surf","totN_an_surf","totP_an_surf","Temp_sum_surf","Chla_sum_surf","DOC_sum_surf","DOCter_sum_surf","Temp_an_tot","Sal_an_tot","DIN_an_tot","DIP_an_tot","totN_an_tot","totP_an_tot","DOC_an_tot","DOCter_an_tot","PP_an","Nfix_an","Secchi_sum"
1970,8.21925801617224,15.2027629566172,1.51398068608836,5.0633296175666,0.474898986397981,18.7931663187509,0.631226764069661,14.7422113191484,2.15217026370494,3622.60000821645,2373.04717664942,8.17712412988385,16.9997017362151,5.03636463812072,0.472899448339569,19.2742993642569,0.761687978319133,3626.37159698233,2386.35683097041,178.385161208972,1.89499982825243,5.96736302580664
1971,7.7961804895626,15.6436962016072,1.10553198933978,7.20108907140895,0.690045058078769,18.6136186405952,0.662128415084039,14.1793325027053,1.63047541843546,3395.05771081535,2269.10171631877,7.53993604824926,17.3735919345561,7.13324206571582,0.684872186359821,19.2832245868812,0.794409966164692,3399.66343583913,2285.06716988389,147.291323663542,1.19393156026667,6.59742019444865
1972,8.38519942726985,14.5300370479175,3.62614366009947,8.14415617485384,0.736885308958227,18.8290010371479,0.645749294600358,14.3698660816531,1.66671410349048,3618.98561785464,2463.95744353036,8.16250357761442,16.4400950203351,8.08019957369615,0.732667465749762,19.824079040818,0.823107527934333,3622.65304390614,2476.6249983298,151.67347637033,1.11930423152989,6.30336001938269
1973,7.37525152545957,15.4406674072303,0.693254667661884,7.56470968789601,0.708303254207967,18.5308241820301,0.640119818024747,14.249573428282,1.99371691480209,3509.09163610801,2276.63032283721,7.25480909360289,17.1696044559757,7.48750353748349,0.702496106879906,19.3941288914604,0.787906361374129,3512.44177305896,2291.52857417336,165.34379648156,1.47558421241345,6.16847420169774
1974,7.74287820371188,15.9838053674234,0.726128484157171,6.8876857815759,0.581446534261803,18.4233083946038,0.626479064094652,14.5776534721219,1.93682396333601,3479.2669902643,2281.25161155268,7.70548643187308,17.7632434217907,6.81646026777472,0.576222701266177,19.0587322385393,0.770704315062989,3480.81316270407,2295.16230794868,163.444492709395,1.50948845643997,6.27885307505905
1975,8.4714360436754,15.7073305732468,1.60017722395017,7.56392464687454,0.649581286318664,18.368316051466,0.640655687054409,14.45444498794,1.78514374355399,3432.9065313572,2168.36906707186,8.46086926289717,17.8518565640987,7.49239491134503,0.642850800880333,19.2333345385402,0.834463107163723,3435.43939125861,2184.35135229954,165.423921460043,1.21887892757803,6.41622935605568
1976,8.17261269754164,16.2478413744734,1.30617710271915,6.70485778520544,0.720583671798623,17.7468653969122,0.645119146304332,13.996375038075,1.99330235373364,3400.15519529321,2276.98633059532,8.10305694841986,17.8238927331905,6.64228561962047,0.716033751269444,18.2388632185408,0.765967847809731,3407.11678648588,2290.31518557955,154.925421973228,1.57410708937854,6.39659991441532
1977,9.12702012012059,14.6006430839131,0.234659744269805,6.72559145397682,0.60671495424618,18.1977206585965,0.590248076537236,15.49328651602,1.74832431860194,3468.92848643634,2346.21224824772,8.53459691572317,17.0943122485718,6.64647790406207,0.600615411446082,19.1267635236647,0.791029954485145,3472.02403905306,2360.08966744603,150.889741453203,1.44150931110569,6.43347922177459
1978,9.12792999031298,15.7341796566574,3.03530742484344,8.6683893349792,0.738134436468488,18.5969998858434,0.635501951242981,15.0653611733503,1.85336478854658,3513.55393386126,2305.29708054479,8.94400453872693,17.6062591523004,8.57393679923183,0.730797752387176,19.2813428591229,0.792254580090828,3513.09405545064,2319.87120943498,172.277691447544,1.64970729106051,6.30765391097299
1979,8.96756507868179,15.5785981447602,1.22141998821029,7.27131529006112,0.633753033759493,18.5894096689074,0.601392883631554,15.7102764957204,1.92811347081688,3559.99932836778,2286.86126422165,8.52650819715608,17.5865184344023,7.19360281996097,0.627909334289612,19.3799254862149,0.769906805351565,3560.36009008366,2301.95191338639,184.461659907448,1.85228878879923,6.20402699384408
1980,9.01518734666071,15.21332386572,1.10819860548136,7.15123658379308,0.583728802694464,18.4156361077012,0.595100964903193,15.25388351727,1.73459135405635,3495.1749409443,2407.96812158902,8.47988282666227,17.0676770429135,7.06232167777932,0.578273468993423,19.0384123609055,0.746133436777676,3497.00936496191,2420.48427434349,155.215594796833,1.59117823530353,6.41002884568142
1981,7.6845311173387,15.9833986824211,1.58038908852016,9.38057714791963,0.716195759576317,19.6220417871258,0.650218728332428,15.1677512570333,1.92830435189936,3530.09163328804,2203.11295470624,7.3588444918214,17.502367507742,9.29522814579232,0.711757513114175,20.3508912975736,0.778214382568959,3529.36715708982,2217.59205084403,181.305785389694,1.35861526393714,6.24920116784603
1982,7.64971438443293,15.6054554804713,0.1596544440374,7.36027014060211,0.568317678576789,18.7914188952891,0.614977906675593,14.35494800216,1.23784668009107,3241.37631198808,2257.13989751369,7.24222507489748,17.7057837757239,7.28357718201165,0.563218156929228,19.6367361122383,0.794203261657923,3246.31126955854,2271.83175148927,111.627090481394,0.759123914287574,7.07942154361957
1983,7.66675145677866,15.3931829857029,0.0677099843895782,7.6747768306641,0.759632144482897,19.1419675173597,0.688053949136031,15.4247467985843,2.07391267103946,3686.66687200163,2276.64148633052,7.32330271690072,17.112914324658,7.59872391204569,0.753751860446142,19.9069181001066,0.841017926053798,3686.24975279761,2290.55800038825,184.926820675341,1.71451843493719,5.91486358386586
1984,6.21318660154257,15.6012191875952,-0.567591838859866,7.60044678436622,0.757142963872693,18.8362810931252,0.704715029683141,13.3429655835077,2.19633959209551,3445.43193387106,2233.52105823004,6.10877202613259,17.3068985025442,7.48587556163808,0.751522784681594,19.6137584029856,0.843022785983381,3451.79492895611,2246.92597375806,146.445842115195,1.54006556379158,6.12072506394839
1985,7.1336425307445,15.7362904759689,1.11509841798025,8.15083402910045,0.694768344584525,18.8386481645714,0.685021012398637,14.4912570226719,1.88863543449413,3583.67793637284,2268.74401412941,6.81555491280978,17.5810739717858,8.03997096030987,0.688177231654273,19.6477004827309,0.829082816630523,3588.64354075125,2283.44399145335,175.297057519049,1.53603029041596,6.14857930117188
1986,7.58207882543465,16.6334117837777,0.0344633164269874,6.73307074135068,0.622697686291009,19.0689762245567,0.736507073498656,14.8413280241243,2.55442154686004,3871.36000579269,2107.26676617281,7.47333066336535,18.3440557080341,6.6573438187156,0.617767859001056,19.8495095155462,0.887138717152331,3873.14516170732,2120.82875341926,227.127295958601,2.33267623832691,5.27474797628922
1987,8.19784505881223,16.8800610243633,1.37027198721725,7.72782834114367,0.677987353063563,18.6558566532821,0.717934014558794,15.0208030171997,2.20707259812198,3721.52653706581,2143.70099831622,7.91297120842217,18.5727726862927,7.66876611259821,0.674714646973936,19.3520766555054,0.863165118472411,3723.53703395301,2156.90864849215,195.723541005226,1.70604820491538,5.7222583180909
1988,8.9293052070117,16.3389346864134,0.837179334273755,8.04817990672494,0.732070373513691,20.3087274899122,0.796595902202384,15.6545183979747,2.66200492953609,4069.18785096257,2101.17666224179,8.68637605616102,17.8654361879377,7.96806290951768,0.727567771268302,20.9492694014626,0.939855064827579,4066.12735270361,2112.80545938738,265.287068459245,2.43733253687898,5.03711403993837
1989,8.07680712756433,15.8865886171494,2.10282396109696,7.82511307731801,0.721227850932412,18.5414488613621,0.686533471453827,15.126511138193,1.92259373722654,3551.6586821134,2196.6902665312,7.53956757756688,17.5304966611203,7.77881064694999,0.71833977972625,19.3637459588769,0.832617770486411,3557.11151863281,2210.05836812571,164.86537832243,1.57618233345638,6.18237322018396
1990,8.80077885881543,15.8733895056702,0.0574720862275287,6.86732147896392,0.671022311815822,18.8715286119938,0.711003633731381,15.6127583204607,2.45795301640551,3858.98375752482,2175.97549084553,8.50041786910444,17.7804482816316,6.78798959422511,0.665328831850657,19.806035887134,0.905263634632551,3860.89768345689,2190.90684435209,214.606264525277,2.390154969335,5.40557192720298
1991,8.45088303303816,16.7387838244828,0.407008227675593,7.88557517365718,0.795813739399161,19.1667359487073,0.73045922630692,15.4435211236391,2.35014901847858,3797.79298459973,2064.24855842948,8.1575777354238,18.4276540100268,7.8103287128394,0.790410091663047,19.7018075647719,0.858222728091676,3804.31327394259,2078.60372270948,225.339092707104,2.32271613909398,5.47310262022435
1992,8.62049389349695,16.1036237381097,0.904854419980782,6.24235726503298,0.64892104601291,20.4414993849471,0.734088420249921,15.3451718452286,2.30208906317206,3908.53676318948,2187.86357492501,8.5622479233734,17.6910085817902,6.19830092522325,0.643395076991131,21.8058152980766,0.887797043503953,3909.37938606605,2200.63944706663,219.166120863479,1.87110483486811,5.4259158239274
1993,7.93194553710489,15.4915765627656,1.3528073860792,8.21655428892385,0.712326154270921,21.0335059480481,0.698874048266072,15.1136878861845,2.04464906041232,3620.97163793112,2222.99702797686,7.60505680448851,17.3836190283801,8.13044859604431,0.708941126531023,22.6389933890848,0.870239909318036,3624.76306049261,2235.52389273535,175.263052044088,1.55710803123917,6.02680346803616
1994,7.88590080797892,15.8454198154401,0.592626316957798,9.78496157553491,0.627333702172858,21.2717804054484,0.659553420849548,15.3058240931656,1.52408992298689,3559.57765644869,2235.62667801907,7.71039033421621,17.5604949560155,9.6700022339919,0.622780583400816,22.257562636509,0.805217425769264,3563.64088907002,2249.89016681509,163.099300262301,0.748855229561004,6.47311341769363
1995,7.48976068505714,16.2370492349253,1.71576954569499,7.28848066996999,0.562143807321216,19.9135241565575,0.583284620209929,14.3175713480485,1.51023865673849,3441.31013108316,2144.9234357741,7.09962112051312,17.7049902700235,7.22042602126995,0.558488370444675,20.8078810668587,0.694532945366807,3450.40394830387,2157.40036716482,153.612302373461,0.890672698241296,6.66880552838579
1996,8.53679875974422,16.1835723900612,0.0769748259838528,6.08566637323187,0.491790931953756,18.2415960417941,0.604506255799462,14.703908130646,1.71549069059792,3449.24053040215,2106.03606601663,8.23925937474692,18.2960125070578,6.03346624130142,0.488330141652011,19.3262789361882,0.791694140811201,3457.23332860299,2119.85578711624,154.116121412517,1.45300970264741,6.48195110270373
1997,9.47565941336917,16.3677963763243,3.94560101465995,7.43692008166402,0.78834785970749,19.5714354121793,0.686398627084008,15.6998790542713,1.99054920326602,3604.59313723427,2113.44741814697,9.18137537788658,18.0828859804396,7.36439754781871,0.785116051386649,20.6373480103172,0.835748481978478,3611.02273588686,2125.09140844704,189.327491242663,1.9146825192246,6.07287843299417
1998,8.00588651356122,17.5185139670163,0.88626193064045,8.61316905929366,0.678325033113359,20.1071603677302,0.661388624450113,15.7217152568873,1.97624803813542,3607.20418947291,2029.19120653254,7.93785021381826,19.5232434873365,8.54427471838718,0.675002143230993,21.0677331272865,0.860248641317887,3605.41487721179,2040.42790560358,208.151421746079,1.63506509530183,6.15244273267585
1999,8.67330220898924,17.1845827071743,1.47399417174846,7.60874344979015,0.654060458140069,19.2649625197453,0.643231125639072,15.0869986995643,1.63632988934917,3461.48635839536,2080.08053319093,8.23195544946618,18.723842796237,7.52108700124205,0.64833490124461,19.9188356617809,0.765596722514843,3470.75892057896,2092.3293509011,176.765002878693,1.20333147306445,6.57710041367366
2000,8.75922150694934,16.9715841072288,0.942662074198744,6.97751067638224,0.552253198020327,18.9133802984737,0.671779806064754,15.1864547425835,2.203332518023,3668.13454863199,2037.63590426975,8.48266152979654,18.6796078010623,6.90821974676896,0.548575221677095,19.5765265159076,0.835420066507746,3675.68785174761,2049.33826258707,200.622613842028,2.00886866089682,5.80827250646716
2001,7.19172744211347,17.1055825135837,0.392550544124339,6.48237606745179,0.658568262144461,19.0093035124952,0.699429247688691,14.778645195738,1.9278132512972,3524.48560705659,2103.21162372204,7.10631746656954,18.8803189702899,6.41071874871364,0.653782263930625,19.6740367103913,0.850143178781689,3532.23542566089,2117.11242554608,162.799975700952,1.83891273972637,6.23778268096293
2002,8.03274063589527,16.1733956055948,1.29791577214077,6.90785957289602,0.595723628018086,19.4816385605771,0.695678776008331,15.5616720218045,2.23738795172132,3887.34776042995,2197.61902785297,7.88036278356609,17.5635393767138,6.85601478940652,0.5930590412411,19.8790616472,0.821609125963476,3890.88915095067,2209.31353204435,222.356085218488,2.11939586054603,5.54522473873846
2003,8.05216794159177,16.1888681893576,0.229559604555371,6.36313447371148,0.623797735714539,18.5353821159236,0.701176394960025,13.9738424474489,2.07466293913924,3515.12567422454,2217.15038002333,7.836263589123,17.8147560907711,6.29616767296747,0.619903136059404,19.0376687673805,0.830555191165341,3522.58593776252,2228.40400443821,152.304213565308,2.21263746231918,6.17619635994551
2004,7.7864710700764,17.236344016993,2.30584668043435,6.127101806253,0.662864549751592,17.6278519801496,0.64798000180578,14.8109634403327,1.73707105412966,3333.45007168968,2034.88680602758,7.54727482298769,18.8126948602156,6.07114590086162,0.657535273916352,18.0064309372678,0.764373591016334,3340.19735439353,2047.16316350749,150.253901765527,1.70637245071712,6.61134132560883
2005,8.40569638385224,16.1350302617091,0.886497648689202,5.72326118278229,0.569382761955241,18.5649611183796,0.702358208017111,14.6456809993024,2.28615488192726,3765.06551479787,2162.06809839408,8.27335298107317,17.4325320722267,5.66346103737206,0.566841963586675,18.9165839043577,0.806334544791955,3773.57503637034,2173.68325457652,205.517200124217,2.5884140283745,5.60252864518756
2006,8.98264649931226,15.5988415914062,2.72642436711374,6.29764096958696,0.646016959167692,18.116286672073,0.667080012639367,16.1112052806325,1.84192308755817,3760.70833268934,2235.00244654873,8.6270674844852,17.619222729037,6.24813872794631,0.64325901726781,18.4328689595233,0.823794555852593,3769.83439339012,2247.03105534173,177.388873764878,1.83835741751677,5.95266557455256
2007,8.71683760302035,17.0874413444052,1.79592082005044,5.75479566241994,0.652804220053576,17.3575598410659,0.711019874963381,14.832497664044,1.92970617946596,3597.86302888707,2053.49271207057,8.44830449322081,18.5159118527459,5.670127192499,0.648030178477281,17.652395822512,0.818222988376083,3604.65514231728,2065.91227597409,174.649000746638,1.90716229932332,6.08854387835903
2008,9.74295791289496,16.0829534396126,1.90507940892077,6.61611136916844,0.604769654839653,18.8400623625591,0.657220651256387,15.6644442848074,2.39719208466479,3900.97189567088,2170.81788955604,9.28684433092841,17.5240618038286,6.57411491663652,0.601758045854003,19.5302258441529,0.791169563696328,3908.12349924615,2182.91349017319,213.203186182351,2.18282735891892,5.43928423182417
2009,8.04432686429612,15.9383517655632,1.67715043239405,5.64370826093421,0.546067946195347,17.5047101600516,0.632327267343752,14.5012533394138,2.08800819298949,3539.61424687189,2204.0209945025,7.82681255982849,17.9806590400981,5.60532998399156,0.541864311580372,17.804647192391,0.774051936077087,3550.34996714062,2218.00281793641,137.798502446555,1.90093754262749,6.05321395214158
2010,8.36274288476981,16.7633567833492,0.236602132427115,6.25401822141767,0.603289783051924,16.8849926694303,0.580462328097826,15.8807276660298,1.44507219125415,3296.28928724144,2106.68829250049,7.78316356494801,18.8401090137175,6.19971576625014,0.598302168693418,17.2393733278762,0.737612724444169,3304.6643888647,2120.19739192558,135.614157112824,1.82045111771295,6.86939602482011
2011,8.25750707073463,17.1798401034518,2.60459553167048,6.54953734673278,0.58740693863506,17.6769274138034,0.614830396251101,14.1806331076934,1.96246185698793,3520.92115379044,2049.06501015149,8.13743107881106,18.4629068598849,6.50791972291544,0.583771573231197,18.0741031254623,0.721565645913845,3526.92806753852,2058.65685593635,168.951495042265,1.84615430775829,6.22886508652885
2012,7.57913764331518,16.504767032204,2.13876079205941,6.91137584195651,0.627090072834489,17.404015696558,0.667363517680529,14.1905753401042,1.58943909179446,3495.1027892908,2165.12723288879,7.29540333656683,18.0914454599704,6.8723955681072,0.624261495633483,17.89553297563,0.793851146852719,3504.51370933619,2178.51167127144,135.405175521367,1.16281703600913,6.49477370659562
2013,8.28664498190266,15.9148160363066,1.1862101886637,5.55280959035329,0.592365813347716,17.7470862031883,0.654877333032689,15.0356117608661,2.00118847819646,3653.1086334255,2082.7374425033,8.09875229080814,17.7153708836512,5.51067866795495,0.589814740942474,18.1428002524571,0.778989116185585,3661.04892957348,2094.20225905204,165.400540474042,1.73723969827872,5.97893351318789
2014,7.57086549030145,16.1974062219525,1.59845721866094,6.71582246181214,0.675491756812214,18.9454218585878,0.698464947592767,14.5273417730987,2.06925940479383,3770.67105356196,2072.69242165241,7.53466752085978,18.0660591790653,6.64584193985297,0.671121910533797,19.7674673187098,0.833593588004321,3780.40000871714,2085.74686730391,187.049096524009,1.77611905014256,5.7574608461994
2015,8.55090231243245,16.5547734524655,0.336418934297041,6.05312887123588,0.603754086671927,17.6478547715959,0.670095003994367,15.8623711629997,1.81493625808953,3589.31816972704,2102.65027141414,8.08302164872249,18.1725557384471,5.96957984697103,0.60058892045107,18.0990032900512,0.788982058371726,3597.51135987218,2115.0067224617,179.295887736154,2.00223405347384,6.24880572009848
2016,9.03500596160634,16.2283626762092,1.66297404271351,5.90903095062842,0.556767985839134,17.7152326171884,0.645143045548475,15.0151026612336,1.99952661328949,3595.98685865761,2117.88712237675,8.75853115378779,17.9440074557678,5.85604986994568,0.55342676423135,18.3300968536922,0.777676593599938,3607.47116840971,2129.45326654342,173.185686831045,2.21448636379111,6.11282051708536
2017,8.16459963022668,16.4713785032881,1.24866487738424,6.4695007205825,0.609917577030178,18.1783938013683,0.65660842012227,15.8532661326775,1.96445937838495,3784.8864820808,2153.89016489824,7.92544624668084,17.7214284122941,6.42878527942935,0.607031574204625,18.6439548270651,0.753605990994406,3792.99935523667,2165.21952882503,201.643211973413,2.06295092255739,5.83636332774276
2018,9.53164932965455,15.2962075560783,1.33935109844658,5.60651709167646,0.530973095038846,17.8697409603936,0.625476390666944,16.4631808299674,1.8625373155453,3738.51126463985,2276.88675485375,8.98116513447735,17.1744586080041,5.55598341174411,0.527548071080459,18.7052304516729,0.776466655629652,3745.8563233559,2289.73834729305,174.591307018256,1.9642424472851,5.97573244985582
2019,8.46685790102202,16.3213819422585,2.27881215951143,6.26115921766494,0.691316691254007,17.4970983307662,0.653983136350027,15.1206570902998,1.7654094881507,3517.12272851546,2212.75180861526,8.04712687032987,18.000807230444,6.22374613726524,0.687806110385657,18.1553642373859,0.784638933400974,3526.09733178661,2225.17714407468,139.147651720077,1.79561263219764,6.34761300678248
2020,8.35009172721693,15.8639919966111,3.23107921300506,6.14854416469209,0.563911758906116,17.9070393601073,0.645324683326048,14.5488707295216,1.85824255642116,3647.74471047941,2197.58303814587,8.28196786496444,17.3034362026218,6.08934732654198,0.560261753284378,18.4975852309122,0.762211756266244,3657.45184054818,2210.41878463383,152.910023047395,1.53169908147181,6.05404100528461
2021,7.56864723428986,16.6724621856711,-0.517387329976929,5.88816933215266,0.621293605845322,18.1978400570949,0.662913655035056,14.7005940843874,1.7356245939788,3521.62197661583,2113.40702184947,7.19344116716428,18.1438960511134,5.82848558743198,0.617858204565031,18.8771941850249,0.777429020225052,3530.15320753111,2124.87899228485,145.970951390712,1.54018237286983,6.34261715575153
2022,7.00463890773485,15.7075890349876,-0.6658257399355,6.01624701221556,0.533603884127209,17.7810836827754,0.599813689515916,14.670136518785,1.41835457301664,3419.8566940561,2240.70660281871,6.66586979222496,17.4174366109098,5.95462537234075,0.52923654798472,18.2666984318772,0.70667212925678,3428.36375786921,2253.45656119565,113.681478914157,1.19933986950668,6.74857644229623
2023,8.33503278143525,15.7225692966681,0.628054364472535,5.87743758501545,0.547310922439811,18.2635647836005,0.648822128777366,14.9091036380397,2.21252959798529,3694.80146593792,2225.54457145789,8.16741750457379,17.0392986766094,5.81618288784945,0.543834334865795,18.7168298509335,0.741436243686132,3704.98282092554,2237.25954041821,177.287625635982,2.10313870910138,5.86030706084414
2024,7.14310957644586,15.1201153288587,2.36945854115355,5.7795494236589,0.519624353726732,17.1853566263142,0.599328945504225,12.8868010077624,1.38503670692296,3228.50033226144,2201.79999838541,7.10600262544784,17.3055210013443,5.72232370459244,0.51584501918082,18.1361062875894,0.772183133684631,3238.57839121869,2214.58389418073,95.1701929212905,1.23360558903908,7.07342295872949
2025,8.50388568043997,15.6586111088242,1.14445685730061,6.57271558168734,0.702790681541893,17.5349327513469,0.674678306776052,15.043801681656,1.91948553956868,3626.1989375313,2283.70622781384,8.10378239469505,17.1348233683156,6.49725533520199,0.699762029627752,18.0510593853568,0.782504840918933,3633.33155690862,2295.08538256562,149.070754981899,1.98008316483404,6.05644543699657
2026,7.41865539525011,16.3185877780036,-0.496262886689067,5.82972924178637,0.598615940329629,17.6776735565468,0.647924047903202,15.2554380959253,1.72927085571787,3514.89917911559,2164.87835271041,7.17891379867663,18.1068834802836,5.76116772258875,0.593444428519564,18.1414029490722,0.764186382975251,3523.49134847566,2178.1971913094,148.498380729076,1.71309811352752,6.33497160644075
2027,8.66310302699656,16.4463203863944,0.672855928111078,5.86409005475337,0.548858058070252,18.0923708733532,0.646750646620448,14.5418491659327,2.17377108875074,3655.69283369181,2148.48866232302,8.4756362834774,17.7424585712931,5.81354482886464,0.546440809532387,18.5147499513056,0.739025577365542,3665.47702338929,2161.29029243697,179.044214716093,2.16667783680042,5.8735123210357
2028,8.2714547458292,16.4201617973771,1.8982627951012,6.10964949023625,0.579886171048396,17.60549509844,0.650617775621434,16.2888634348711,1.71714822883731,3602.9919448387,2188.77861843094,7.87219771666267,17.8451920146691,6.05493027371351,0.576256528905843,18.1645321345312,0.762943518531172,3607.63898399009,2201.58314862828,173.094513212961,2.01313170242153,6.28870423280203
2029,7.92217784469429,16.8747582191229,-0.566395999611392,5.00495812062066,0.51829379897074,17.2417134431807,0.610721044018995,15.2072706380785,1.63285215393077,3258.22575684621,1991.45138217592,7.5094873897408,18.6672662651086,4.95222993768895,0.51502883973127,17.881477458782,0.746637479807122,3268.47862784833,2005.06430877657,131.821567417665,1.59637321128843,6.72726640117144
2030,7.94476754516951,16.7034154797913,0.947635133696772,6.16121323559625,0.590919661829908,17.4132583763408,0.595570464125468,13.9169736694054,1.91706579967214,3290.00642419101,2011.98687947086,7.70461037527495,18.3193890230825,6.11082826422347,0.587744925747915,18.0237399932815,0.708923446430081,3300.96719496692,2025.56940333745,155.147015707892,1.89037841281958,6.52381034430016
2031,8.59668498894779,16.5179131591304,1.20294886110687,6.89364135471545,0.632679706850566,17.7213492772846,0.672550918320547,15.4345274138886,1.92281369058829,3586.02953812144,2125.33089389171,8.59557981707878,18.4453029122471,6.81271090792421,0.626437279562204,18.3823807474931,0.822605396156424,3591.363617417,2137.97376141769,182.104371039956,1.96075590048132,6.1872551293446
2032,7.48090902031343,14.9225584406342,-0.17320689359589,5.18388786440948,0.554490098820501,17.2114357613116,0.608337596205805,13.5842746662829,1.48939117708102,3331.26645854708,2197.16420674754,7.30163598288311,17.1084150417141,5.11210446562996,0.548415767466469,17.8699952289901,0.769878610820596,3340.23081857354,2209.60854015157,107.968665522317,1.3270070787403,6.81408973140967
2033,8.5265289060616,16.2792420026029,0.45910729773736,7.09653063333787,0.743642184829564,17.547938911812,0.655450759984338,15.9405095369659,1.63396648150562,3497.66178684141,2199.69856514576,8.34266414579333,18.2649896675139,7.02411213593279,0.739147682177989,18.4211375009857,0.835357357283023,3498.69029140976,2212.8554515596,166.294959743525,2.36778867390862,6.46132144197225
2034,8.85184890370681,16.1372082833046,0.964949145364354,6.93074397837608,0.694024820565931,17.3201795043732,0.614425461505848,16.3990970456982,1.50081381123889,3474.89116853879,2235.20856729874,8.27167577421223,17.837172823641,6.87723658738375,0.690581885415819,17.9264281225837,0.737787244366333,3483.5045504254,2247.78899894488,148.404945899855,1.7732152839832,6.58176365983732
2035,7.7635803008007,17.2995810084473,1.50475630513705,6.00030269238892,0.522945150331404,16.7393980577201,0.589005328377445,14.4771299908838,1.4906015026157,3188.0174550137,2016.8905755558,7.4864951983696,18.9537467106093,5.94326309052547,0.518813624636993,17.4165549529016,0.710568854199397,3195.99564205851,2028.85862039678,123.78662257847,1.25961945531178,6.98720957747784
2036,7.77354733610509,16.4281496399633,-0.386634350866047,4.86108064592791,0.523328206669739,17.3170444892276,0.63643015357335,15.2891485731683,2.02207652265507,3404.41450148642,2056.82430992049,7.58312910474922,18.1560520198496,4.78436103710526,0.519046017164763,18.0154258537734,0.764812453496683,3412.30417719777,2069.05093596304,159.798285837731,2.14185852308092,6.27349724700098
2037,8.71497310632669,17.3277033033615,1.2040758284372,5.70896164866368,0.545299112997804,16.9937053446597,0.634176156866012,15.6548733045706,1.95297051625553,3419.65329547432,1961.19651511632,8.48836823950596,18.8434890783995,5.63107529831569,0.540181079448114,17.6228166713244,0.755439987854501,3426.90520758201,1973.57709817967,176.761315133083,2.01315007553444,6.31473843868568
2038,8.95875325531783,16.261330879543,2.06237252303144,6.69576124183135,0.662095326671128,17.1676118167293,0.665582948275733,15.0683258638173,1.54659133411829,3513.41889960121,2230.36025447873,8.83095429988594,17.8956865165305,6.62998019963685,0.657399805496083,17.7924730400365,0.794612845481433,3518.37178716718,2241.50970282413,146.186421090629,1.52957232470643,6.53555904603643
2039,7.92749464765091,16.9287317561319,1.09741540607874,6.31090034002704,0.717054431258566,16.7667690526953,0.652740137057984,15.0585721559247,1.83216302191506,3401.49215275376,2129.92434639897,7.70673859712935,18.6438659848128,6.21677581147926,0.712241800061648,17.3967123025977,0.774885433402782,3407.39282768,2141.75448602591,145.821627674647,1.7750209209295,6.42810475267954
2040,8.16974716689572,16.310999854371,0.565691814409775,5.83730284786367,0.544931199882623,17.1414741726891,0.607221068405163,15.5822581495969,1.84389597610132,3470.5037632716,2072.06837377469,8.01770861016078,17.9850316053388,5.7794080768033,0.540996809161171,18.0049221339646,0.754033471505792,3473.05195827774,2083.23742378269,161.594746405767,1.72917192078303,6.36571598712052
2041,7.45424781912181,15.1946152192685,1.24019535589363,6.09264523141859,0.599965290433609,16.7371308797725,0.580204550019489,14.1792124225982,1.38122506517789,3349.19422269342,2299.42164903658,7.15723519088732,16.6984046642242,6.02992196581551,0.595434347526759,17.3051956313495,0.688691488774977,3357.30939723128,2310.34909150232,110.700729561497,1.3851280181552,6.87319435970228
2042,8.3784251055535,15.4360109375952,0.160726820324996,5.33862769548109,0.501048464916864,16.9115059624368,0.565729981354497,16.243995492081,1.53835829957029,3511.88264674277,2317.01223987577,7.9743480917932,16.9245722447797,5.2824812017643,0.497539444970233,17.4394565369694,0.676104359449926,3518.41406606801,2327.8011385448,149.954331458948,1.86881827565168,6.54956008012421
2043,9.27197120860223,15.2665353098189,2.76689228489306,5.30927307063834,0.487849072545847,16.8405231876849,0.572533545687082,14.903790263298,1.5601333413785,3515.12311409688,2234.40742461502,8.85660672632152,16.7400290011534,5.25987670050846,0.485118194520491,17.525760081874,0.698151447069681,3523.97567209294,2245.7755392712,143.911148366055,1.59375467034614,6.54420783478996
2044,8.87848910608195,14.4813200843613,2.3402164620243,5.62591457777292,0.544816870500398,17.211718066215,0.579730159583975,15.1554760701732,1.7545570787934,3551.0950601285,2300.54122289935,8.73157157862707,16.249061185258,5.57332430127981,0.540802086150904,17.795579110066,0.717555330139116,3557.64194130099,2312.39157461397,148.007430828362,1.77839314733781,6.33860427506197
2045,8.30018631979728,15.8235950025769,1.9929985865378,7.18392908474523,0.751916969948934,17.3097984741192,0.659574890239779,15.6029105659336,1.72056875664381,3585.70959725626,2246.18834074426,8.13447509600494,17.3831616792169,7.11214001553362,0.746830883673762,17.8458180095264,0.779609096051476,3592.61386809175,2257.33299287003,155.38055660202,1.61894551697956,6.28437910800164
2046,8.08830692774542,16.4536177709439,1.29739595839591,5.73385898004593,0.564749687983734,16.9779461545722,0.606289203575679,15.7801230969184,2.12066461565437,3482.00889513818,2042.69944928586,7.94942421994377,18.4488840801564,5.64697865411423,0.55717028601462,17.8736268808465,0.76466160164247,3486.42063979725,2056.02351671559,184.525932004852,2.26904578175028,6.16272704379844
2047,7.69356290315406,16.038784364154,1.24018667761802,5.85803926490327,0.4907668682675,17.1394823104903,0.605043985430927,14.4003107271147,1.89758517336919,3416.02401385755,2143.24306845467,7.59311192428708,17.5619410034732,5.80074122151461,0.487454628898417,17.757945328823,0.722690491243422,3421.89600835091,2155.41125897115,164.528560788084,1.96319970172735,6.42868136377372
2048,7.92778135574494,15.2635387877434,0.717320762769268,5.68634162049192,0.516349571416344,17.2700861014148,0.605815244255672,14.5886157931479,1.9509728084937,3579.14293040792,2215.72543307904,7.87812999825303,17.0499708062,5.62474587577119,0.511750027924664,18.0075663717477,0.737547175859081,3584.38523047644,2227.68173290116,156.80789537361,1.65378703815818,6.1130732758014
2049,7.61793922396403,15.9031805327348,1.54817416042367,5.34422179654333,0.527787690070054,16.94826350553,0.612185080016072,13.6458145505964,1.70413652488153,3475.15246006562,2097.39303014915,7.59010320261843,17.3759043677212,5.28046602403351,0.52239906084646,17.3943532391951,0.705677001074257,3486.64816184778,2109.86606120152,140.47593653425,1.21708259086084,6.46177141245141
2050,7.58300626601777,15.5428685803418,-0.775864398635288,5.53984020096132,0.509612186195369,17.18653098344,0.596075442922858,13.8950278217174,1.49073757920873,3226.25586494291,2164.09789278696,7.43366920703196,17.5661843650651,5.46773956736012,0.504536544735248,18.0699315584429,0.7716783704773,3234.47034726053,2176.80859637752,102.423186493648,1.45887836281998,6.90952961961394
2051,7.2341596563704,15.7583436672492,0.779876236392708,6.82207847973883,0.716898389877563,17.2830973919311,0.635057303680543,15.2355951788344,1.70297603663304,3429.63629560046,2203.67086148575,6.89914669616836,17.2045690902939,6.75796863479217,0.713668888731795,17.8988878398583,0.741399652089059,3435.80680514297,2215.60079432387,147.431174773593,1.68045994816888,6.53130033921604
2052,8.26723684030852,14.7416135108825,0.187067510253617,5.04055234690331,0.437635727892839,17.1343721206437,0.572898636793867,14.9484105884678,2.08634318055684,3621.65966625271,2280.64055917618,8.23361813970572,16.4879889669479,4.9860351576989,0.433985240453509,17.719877553369,0.699036000109023,3630.27092883815,2292.83880829948,157.941144209759,2.01388347015714,5.95850014067589
2053,8.31804912684546,15.723029918978,1.70955625589022,5.93216071564432,0.624811350823699,16.2590451701875,0.586795835636027,15.0000795103772,1.30333456755074,3337.64264142237,2263.31006226762,7.91633233364141,17.4227990066848,5.86226305147261,0.620608329851567,16.9472525412365,0.712678800491623,3346.31368107925,2275.62871450101,110.636431956048,1.20709229745604,6.9293139301296
2054,8.30508215944527,15.1686412329334,0.816862642954123,5.91714573307473,0.551354606587785,16.7156008219191,0.555607996392392,14.7217148014022,1.6164106821787,3392.66975125484,2221.81114581938,8.01726478283103,16.9326916240544,5.85890787008688,0.547188794823108,17.4123685734857,0.686094185864724,3401.90536618383,2233.23030123759,138.490474596145,1.64977242959109,6.63644859327147
2055,9.11419348132858,15.3802433381231,3.54632629475486,6.6907064500137,0.605151593218485,17.0127184577715,0.599565097883426,15.866603653411,1.75889972124574,3526.43450941949,2266.33428802138,8.72382179675722,16.9548170609531,6.63121129231177,0.601256185610668,17.8397112988345,0.736574529624307,3529.74245719123,2278.83267715738,155.752064850713,1.64696296610776,6.36706294490377
2056,8.20314631247148,15.7168692139118,0.561413927892556,5.65188907776935,0.568106987745265,16.918116036642,0.621012058275109,15.138008410008,1.68157793236414,3427.80970434709,2205.90196514432,8.06413374473655,17.3417741127341,5.60551537278378,0.564333621925518,17.6017595911032,0.742515479076552,3436.52475126738,2218.89782252032,143.972050566251,1.87585514102585,6.5285796792671
2057,8.4100866321035,16.1896831776713,2.01960707616037,5.83781716750449,0.555827783191421,16.9468668782099,0.611848152676876,14.7873668014006,1.7313469317906,3540.94869185498,2134.64596016076,8.242781591914,17.563984873802,5.78482045180672,0.551584824685062,17.5796739456117,0.715403571602949,3551.47921939379,2146.92820591718,161.200941819592,1.498938412372,6.32301656655454
2058,8.85802432051959,15.6596561306965,1.7148566360979,5.42742215899872,0.497138974471555,16.4244637059077,0.588362968068703,16.098621620717,1.399745087902,3399.10254036148,2103.02292020824,8.54654326972898,17.5920147451586,5.36626089996527,0.492969116226166,17.4615204821511,0.753057884377306,3400.10528445768,2114.65533560925,156.346478433936,1.24773194811407,6.78175392178903
2059,8.1503908591792,16.398553602088,2.26571007799536,6.62797684494597,0.651586731682604,16.2516946952374,0.572942037731079,15.5137662548458,1.16584252742949,3238.71315150722,2243.85840920507,7.6843354207769,18.3142667721283,6.55748923206245,0.646972788339707,17.1645480406703,0.721338619328787,3247.10868162769,2257.76345695202,118.549857301434,1.17136165175509,7.21476729993323
2060,9.09857771425069,15.6860873553927,0.469949010771058,5.03583998118701,0.465337870815824,16.9229216521748,0.578321663354987,15.7084049902814,2.0342280889665,3527.33127463978,2110.9762175676,8.88781934284015,17.2428425408397,4.98771134799891,0.462460576278995,17.5009064506778,0.690095191653112,3536.59370102403,2123.42650233839,185.138392335093,2.10716040913156,6.1325745695689
2061,8.64257615998279,14.3453087082427,1.9200204177936,5.07928918674643,0.449432608032482,16.4820092949883,0.531178163717566,15.2186922134477,1.34693219549201,3363.70169565541,2227.86690805612,8.44921667695601,16.720956377165,5.02204823030462,0.444225083337794,17.4027467173166,0.712268663990855,3370.54322082367,2241.15390724039,123.075904090762,1.10693020469933,6.88480665430145
2062,9.7981814622511,16.5227216513554,1.18817775107689,7.32772866351162,0.715994206648972,16.9073576398219,0.60644389215942,15.6983648165098,1.76352182034077,3396.91373255215,2090.1856077085,9.43063111335823,18.0077821217774,7.25968029428493,0.711714736119822,17.6358047487361,0.732386097220383,3402.95130728587,2101.9048192408,174.374746630372,2.0370948243684,6.51218609130899
2063,7.53713723802672,15.9093168667386,3.18678337453656,6.02971165043557,0.556753688880998,15.7932145769752,0.564840723398202,11.6860471598229,1.24997274340832,3018.00254553366,2106.13600380453,7.47196097182767,17.4875095103113,5.95941679098058,0.551672068162699,16.3991235822297,0.667921536833612,3028.0409730926,2118.62661692581,88.8125850052852,0.983060623106432,7.4255932227307
2064,7.98837659333277,14.8993636641457,1.25786075438909,5.55664522548891,0.590627766124287,16.2406874586222,0.600918609072295,14.9139060414877,1.45443460790102,3368.17025191494,2291.40757252884,7.73320458026373,16.6871580525283,5.4801548660468,0.58732351885829,17.1243646917445,0.742375691643645,3373.67417214201,2304.35576723373,125.630649582801,1.43912632003363,6.77733688271842
2065,8.80429414846116,15.9257630766175,1.20646463441993,5.65686095131188,0.540488515241074,16.4073626476541,0.563798575458963,15.6378499961351,1.80360592875749,3331.88426724065,2158.52930390786,8.53966767388131,17.8323876278182,5.58528202925874,0.535507725661321,17.3436361737372,0.71478232220357,3337.54267859085,2171.9386861883,152.937553505571,1.97383144549773,6.56168408995964
2066,7.34188832433117,15.7480880105896,0.50292533169424,6.25816829234074,0.559115158259589,16.0031592189213,0.543410353518918,12.8028316623338,1.44459850072439,3187.59509079933,2207.29217179592,7.19114453241691,17.4306242763685,6.18558376689703,0.55412790772374,16.7133004471634,0.663341136795216,3197.92327304893,2218.8585556753,104.990685273242,1.14801281192532,7.0965645948606
2067,6.9358003383663,15.8267062022306,0.323754784045147,5.32210051525264,0.481483608465858,15.7943497429889,0.540009319422483,12.6318478766085,1.26352481331973,3106.95901841713,2207.06664084363,6.7775928255263,17.7818222929645,5.2565816806248,0.476847684600617,16.4950103549537,0.67020637321302,3117.20016964947,2220.29071737651,92.2328693884504,1.04469842364142,7.26125650046284
2068,8.61561699388915,17.8065031820666,0.783430805154053,5.39096842338212,0.506668777225268,15.5903507558454,0.591396288485348,15.5973969599364,1.32600173884399,3083.41802308765,1939.00286088796,8.28706740247861,19.4568639898492,5.33471821748693,0.50246245784992,16.3591012503859,0.727285934947148,3087.20914106575,1951.32056741405,129.537962749676,1.12527500052734,7.20728462229031
2069,8.73289672754385,15.8879249997298,0.953577287086725,4.54831383379483,0.572581212174327,16.0918443851979,0.610673119075235,15.4211589181794,1.949504402414,3305.11111342865,2010.40741261076,8.43942710629938,17.8256745718657,4.50708423690592,0.569043553915619,17.0246736338304,0.762913595859912,3313.20351056954,2022.73226351806,144.041321819212,1.85244333337255,6.43176043792918
2070,7.8710094598707,15.1005331808795,1.06462061584462,6.53564455442221,0.614668092611166,16.2730444854178,0.558539873565806,14.0054303305456,1.30035040215221,3324.91218296405,2269.3590507756,7.5235111378977,16.6919944306683,6.4818805716882,0.611067008727391,16.9637074073865,0.674086569720173,3332.75922767977,2281.10630224372,110.500215671972,1.10457725818578,6.96893330639484
2071,7.91459083118665,15.4601349541064,1.10684756501011,5.63737579439653,0.578182193613349,16.3029907110048,0.567994730098235,14.8512643152581,1.56209899542832,3183.35235537137,2076.80561435228,7.77582997959486,17.2885094754739,5.60427906333675,0.574056905361754,17.068176785991,0.704218098652762,3192.65915116046,2089.35267319916,119.908739240571,1.35776349951639,6.88408408445579
2072,8.80235155308269,15.7451542552784,0.254174307599468,5.81365253637383,0.595756453922242,15.7150499010949,0.53132548556767,16.0199722561049,1.33354021391541,3211.68524944733,2206.502520776,8.31340039442652,17.4706168156842,5.72900536611517,0.59072986510508,16.4231940623897,0.658646185410697,3218.48530244369,2218.75120512397,120.327716495983,1.50102872439011,7.08219081973831
2073,8.76284393249313,15.9123178911153,1.80647596242527,4.94871765188004,0.464574354879295,15.8292290670178,0.529474807447129,15.4376000579684,1.30309251728089,3230.43367323245,2172.97775262965,8.44273055403287,17.5084335013387,4.89235648372736,0.460543835613295,16.4689063150826,0.650396413155145,3236.36289559321,2186.3569813597,129.817282336432,1.60664245144425,7.0539331102529
2074,8.60383185653572,15.6109703323091,3.02859567506158,5.74343441785508,0.536467240194313,15.9961324592172,0.536053816070055,15.3160233774776,1.43162631383202,3227.36418032028,2147.82991803516,8.22703535985824,17.614140646469,5.68021474464965,0.532545183582506,17.0257527766531,0.705553254978428,3234.27429081689,2162.53793354873,128.525305956123,1.31222741020564,6.95810315666672
2075,7.83327568645154,15.8822705970257,1.41131280908445,5.96993158722275,0.575791877884513,16.5187363703588,0.583787613507809,14.5666350871674,1.70886694793126,3416.21682645966,2305.48894760761,7.7052298709099,17.3770154194933,5.89886185443828,0.570886991169732,17.0553148393241,0.685141073128897,3423.27504369842,2316.97871398913,125.019613106856,1.48559655494848,6.52932455242233
2076,8.15326855099507,16.5743853844315,0.858077673693648,6.74983110772567,0.599586875970354,16.1329205258435,0.538847665894446,14.7289887031399,1.39192965398615,3129.93402350911,2000.2317917349,7.72765236925202,17.9855153551966,6.69238749654849,0.596235834315567,16.8068140585883,0.645224436278324,3139.19000919256,2010.5801026487,127.029239522442,1.22434698486685,7.11037436866687
2077,8.31109589080073,14.8374438219713,0.767473442141921,5.4995911948589,0.463016955716093,16.4075449278091,0.526430239438182,14.7694592736591,1.50686691156758,3359.90139734025,2225.960044356,8.04656133802059,16.4716454009312,5.44768044315849,0.459553862156259,17.2611334357492,0.660924696742305,3365.97648145187,2238.81398151036,133.674296591218,1.40678303878985,6.76578793002124
2078,9.31980106561573,15.479231144879,3.37574273923149,6.05087865634436,0.56268847305307,15.7687262583328,0.522668513467077,16.6982963483362,0.868134524228572,3227.53730875999,2281.29243554101,8.70650869619356,17.3846494270834,5.99368493869751,0.558278402229354,16.7294024672092,0.683219426841136,3230.6533193394,2293.45016959714,116.30928816765,1.04908004572594,7.48607151371772
2079,8.76171937934719,15.0224689831501,0.705254773036536,5.38421418079556,0.5060636087544,16.4153751055144,0.532248592167832,15.2327359929787,1.70234799512654,3396.56218231341,2201.20173625787,8.44544123195957,17.0929943471486,5.32373839520204,0.501526794482885,17.4321965104797,0.703926835074745,3402.62135514682,2214.53390986194,141.902444100705,1.48440080010445,6.55629945396484
2080,9.21537049313377,15.6733106808037,1.45834404899013,6.85230496319669,0.63559180956256,16.1509108872198,0.532380024882609,15.6196898354618,1.44358184045704,3181.93067097384,2130.20042100105,8.88789819525419,17.8338026176198,6.77634658387123,0.630006157852085,17.2262480155504,0.712028137678891,3187.56515589572,2144.20924575978,131.818569001301,1.62440648106677,7.03832008896739
2081,7.96125589651067,15.6234689072382,2.93214606829808,6.0603793907113,0.545950631786042,16.0371849982503,0.524581344456186,14.4429098207426,1.22594993608555,3203.77489976392,2204.04920305544,7.71313562431425,17.4045103094334,5.98331222104811,0.539697734787998,16.8470540416449,0.657723656454038,3210.38427435997,2215.99380123395,115.029321735153,1.11490137802445,7.18422073511302
2082,8.01505381018344,15.6918405411293,2.15488769071423,4.83330405748479,0.446927009394261,16.0356263490718,0.54969093602159,14.696922468757,1.32733325884917,3274.4123116356,2179.98807923489,7.82610505135405,17.21041742105,4.80027728642993,0.443408786521489,16.6743756590615,0.658157227102272,3280.45178051292,2193.47450130728,123.239698650731,1.04507824770013,6.99758048306043
2083,8.65288900457445,15.6766162869193,1.4165668095238,5.18346061641612,0.474997871282383,15.853624305807,0.524839308949305,15.9522218054527,1.40951045536978,3225.53021525846,2108.4127023488,8.32923527998379,17.4030762191819,5.11948527221548,0.469939770547883,16.639108296988,0.665113803373317,3230.49186643582,2121.34141975062,136.520477856168,1.53124928712426,6.98069446874824
2084,7.41466741840505,15.60242858534,0.278412114830806,5.66234762896307,0.534468335491864,16.0225266127043,0.539142253223979,14.2535897277839,1.16037161982876,3094.23869922713,2229.3077057329,7.18160735801855,17.4571299118109,5.60080246669946,0.530141544664924,16.7142960001776,0.669182026137283,3104.0115093503,2243.2197371095,93.4042616537052,1.067115721413,7.36022042275236
2085,8.49823208895508,15.2719531113009,2.39145595979349,5.70199092370679,0.537242980994424,16.2436389821592,0.541338374882811,15.0652848255335,1.5109480654636,3275.89171553202,2160.23851869685,8.43375682781499,17.2897247079939,5.63710171483266,0.53229190979178,17.1877291815925,0.704374611447646,3279.77867997754,2172.75042026379,143.699795809854,1.59579772715008,6.8822717011756
2086,8.76857484450199,15.9385456379845,0.558753100001713,5.80888809400979,0.517401779570371,16.3772738279023,0.544362046480421,15.5448818427526,1.26487705334968,3152.888561637,2075.78273385878,8.62690612600335,18.1655032489122,5.73807888480752,0.511465017110165,17.3946774795547,0.728171579043946,3159.04426275955,2090.25163957498,127.539626152878,1.47317852922354,7.1834353788737
2087,7.2806525043534,15.4373676599351,1.94748503005948,5.9756919136524,0.575012227482899,16.2178401154421,0.540316541427508,13.5535374645797,1.29634724123976,3222.38385004772,2145.98007724684,7.21153712479135,17.2389430235786,5.91175686342564,0.570522521292161,17.0617685087476,0.675206627462478,3230.29327604358,2158.56403427784,108.203041536551,0.891822659638609,7.06942368450891
2088,8.12869401573556,16.7847978313231,0.11789081925356,6.58456125513194,0.581496982467085,16.2158041060865,0.548610843752849,15.1409910726234,1.37019426830811,3141.56058326199,2115.26560408411,7.8315629314809,18.2110078958966,6.51263840511667,0.576587166880377,16.9192114797068,0.664397769148285,3146.98324877948,2126.97368441724,124.17386712065,1.28572550400191,7.17010813721745
2089,8.63643911008292,15.1336862870276,0.272105595388665,4.80865454890804,0.400398756132568,16.8891398684881,0.548428640098637,15.6971180865266,1.73815163349253,3369.29536119844,2164.57856284603,8.52673623566607,16.9790700384495,4.75126253096206,0.396002133044917,17.704021466822,0.696379714196458,3375.53548640783,2178.27835086446,158.466550761184,1.80351302464799,6.58584677902672
2090,7.0070459978154,15.4106523267051,0.979032620482735,5.62785825098432,0.488574200021128,16.1430246712017,0.526040938972055,14.6801030195917,1.48987423063649,3249.05679898625,2151.40288419254,6.80917031657589,17.0864882400151,5.56543446873115,0.48384762479531,16.8830042268008,0.641755067927348,3255.63239087589,2164.06887571052,124.814418383424,1.24611887733927,6.89935817570634
2091,9.52767194476542,15.0545515631673,2.04296447658166,5.0905647427951,0.48109847409941,16.0087399300158,0.525394697112117,16.2095616173463,1.43953919691138,3370.90774662954,2188.25573184969,9.02939865392788,16.9840340891535,5.05865612701565,0.477729085304695,16.9987563444226,0.687496896832452,3381.71188341351,2200.90459721056,144.792868356634,1.50833188536856,6.76673692151397
2092,8.1688473573355,15.2307832966647,0.67259855864184,4.82907468739915,0.514591452972206,15.9155699669872,0.533048652344157,15.6230004280682,1.21564209733798,3257.06859318486,2285.44835397648,7.85612167567817,16.9940701215875,4.79041221465483,0.510370829237629,16.7109568315344,0.666237055972557,3264.16337653021,2297.56298760677,112.020781575447,1.05108897630849,7.10938378255825
2093,8.27069578822495,15.7257053690021,0.574847978926199,6.46685941760445,0.586447826343985,16.0448118670849,0.508964507287272,14.7643120086282,1.14542409989896,3072.80223415612,2142.45291050748,7.80869586960202,17.6946403692666,6.40503761435385,0.582578088986212,17.0500043230076,0.667539374421598,3081.11870236384,2155.3318344587,108.289787512963,1.29581923955359,7.39917191234055
2094,8.41078949984122,16.0972263868376,0.423788028601948,6.35268915101606,0.540765403528799,15.8106737768859,0.498728635475713,15.0827323231838,1.00196682115625,3053.49308261041,2173.29008882919,7.85587180434462,18.0480284128623,6.28656465704488,0.536343727733287,16.494168490656,0.63063961500597,3061.3018177501,2187.52396495047,103.015400546967,0.913375258540519,7.55256691988413
2095,8.46889745572049,14.5484849292987,0.832673698036375,5.30598366333905,0.471770956176216,16.0006434439751,0.482835922623801,15.3135011269379,1.11867180075595,3120.87668321452,2274.83217548049,8.01984129808335,16.8170010701256,5.25322593859237,0.467612223305638,16.7908939021546,0.647659446730141,3130.27127458297,2286.83138014676,95.8945137039179,0.999817801261171,7.38420476384514
2096,8.35317608867734,14.962831494437,0.249342494258281,6.01215095139703,0.616739118207472,16.1122424628938,0.532715780343294,15.0006560179568,1.22483861528318,3145.04685850292,2233.4776377466,8.13288803981707,17.011887529908,5.94176986293424,0.609822017393063,16.9898371089725,0.696303459257803,3151.85140753229,2245.55323020128,105.147286707032,1.2140642825771,7.22591376606357
2097,8.32279054329604,15.3166885848762,1.52935723361643,6.97364075305552,0.634435178126433,16.5313196006014,0.549736232839269,14.2474534716755,1.52816130400874,3348.29859420113,2249.17102919536,8.07244001184848,16.6472985793221,6.9132957448141,0.630880124497522,17.050208342868,0.640876524634944,3358.47000573366,2261.20039877162,134.023005315367,1.36853800953059,6.77063175376667
2098,8.22688280559332,15.3682587044742,0.871865578051555,5.37479959936586,0.451539644273433,16.1669578381156,0.491067008759559,14.4007835446735,1.26424175681059,3056.91647567521,2047.1478337199,7.93810696610207,17.3528987489923,5.31479406237726,0.447138909081158,16.9756796045238,0.636671922231313,3066.33668989322,2059.46983286022,107.396952305137,0.969979886357589,7.33028543247301
