"Year","Volume_an_surf","Temp_an_surf","Sal_an_surf","Temp_win_surf","DIN_win_surf","DIP_win_surf","totN_an_surf","totP_an_surf","Temp_sum_surf","Chla_sum_surf","Secchi_sum","DOC_sum_surf","DOCter_sum_surf","Volume_an_tot","Temp_an_tot","Sal_an_tot","DIN_an_tot","DIP_an_tot","totN_an_tot","totP_an_tot","DOC_an_tot","DOCter_an_tot","PP_an","Nfix_an","AvOxy","Oxdebt","AnoxicArea","HypoxicArea"
1970,216826763333.333,8.22761802,5.98326953333333,1.2462513,3.93456685,0.674135758064516,19.1314961744668,0.77488964016634,15.57905175,2.22121675642425,4.88549457096198,4542.28166875,3136.07645375,780108222500,6.39084228333333,6.25687975,3.93456685,0.674135758064516,19.6089327380018,0.895913829184727,4542.28166875,3136.07645375,259.658307047604,2.04130337705763,8.19350900833333,4.53438799166667,0,71.2250762191781
1971,216642875000,7.03190271166667,6.06396426666667,0.07063006,4.86226198928571,0.708772919354839,19.6790190872456,0.788602088368588,15.013799,1.99086978815671,5.20619577244366,4474.15669975,3146.15174725,779053325000,5.230574035,6.450234625,4.86226198928571,0.708772919354839,20.613476327162,0.998188962412906,4474.15669975,3146.15174725,216.466652737381,2.21729138282088,4.70136690540541,7.79158523513513,0,365.444776575342
1972,216887307500,5.9598243825,6.112371725,0.050889515,4.65946565357143,0.701980741935484,19.7019996923208,0.792536332593868,12.690106525,1.94721960183779,5.29602993456233,4425.726095,3175.3648975,780465143333.333,4.7169805536925,6.38292345833333,4.65946565357143,0.701980741935484,20.2317393660275,0.903476100945358,4425.726095,3175.3648975,176.74812083724,2.06045817464899,7.69374515555555,4.95556536111111,0,6.01821754098361
1973,216761595833.333,6.3822350075,5.91975174166667,-0.31164113,4.11761544285714,0.559508177419355,18.3726946172021,0.681239738684872,13.755432475,1.44353410909419,5.95057655365588,4220.842685,3196.8750625,779728667500,4.56407767583333,6.337535275,4.11761544285714,0.559508177419355,19.5830458855767,0.868805189358181,4220.842685,3196.8750625,130.99539914327,1.41536606161487,7.17695172972973,5.45703708108108,0,8.80414816438356
1974,216358780833.333,6.84320298333333,5.91864635833333,0.21619075,4.50196434642857,0.631624161290323,18.7028256486305,0.699945959330024,15.0206305,1.96865619861381,5.34375534036943,4378.0279625,3170.43598,777407772500,5.06298862916667,6.24934660833333,4.50196434642857,0.631624161290323,19.5639076825532,0.856477180955814,4378.0279625,3170.43598,197.896983850401,2.14755201686188,7.11061126388889,5.44721666111111,0,0
1975,216980234166.667,6.86062400166667,6.03541285,-0.0699948,5.78184913928571,0.590285741935484,19.4039726099933,0.711974587404608,14.7712725,1.50835538319191,5.7191622635697,4342.75233575,3165.21410825,781018325000,5.14582611791667,6.27869180833333,5.78184913928571,0.590285741935484,20.3554037831971,0.843684409899393,4342.75233575,3165.21410825,178.89017810408,0.914985553661467,8.20616915405405,4.43273730810811,0,243.954427452055
1976,216902299166.667,7.2572997375,5.96558030833333,0.542554485,3.94744909642857,0.582116403225806,19.0331527844422,0.733044294325134,15.083813,2.43215806003787,4.51203357443041,4681.58911,3190.4679475,780549816666.667,5.57790716841667,6.23442075,3.94744909642857,0.582116403225806,19.7640061506022,0.876602628553024,4681.58911,3190.4679475,241.081095340744,2.42070681947561,7.686569325,4.86041516111111,0,0
1977,216647390833.333,6.1738891575,5.90291696666667,-0.30933517,4.66644622857143,0.617191112903226,19.2607250154421,0.760437309990122,13.13998925,1.87385847374202,5.46196891936559,4370.645055,3202.896755,779066912500,4.63193350666667,6.24592226666667,4.66644622857143,0.617191112903226,20.1939651468851,0.946212894708967,4370.645055,3202.896755,153.243455560221,1.6694666415672,6.42690368648649,6.11093601621622,0,29.109397890411
1978,216494226666.667,6.78921634,5.83086865,-0.31517153,5.70367752857143,0.733701790322581,19.6324539748064,0.842622793624225,14.46161175,1.78331691506491,5.08478204525175,4567.4247015,3188.3603215,778206840000,5.08551567083333,6.15390933333333,5.70367752857143,0.733701790322581,20.4825001414641,1.002184354841,4567.4247015,3188.3603215,212.676170544899,1.39062519950508,7.75047662222222,4.90566905833333,0,103.714345835616
1979,216982092500,7.53357652083333,5.844095375,0.46798753,4.73232690714286,0.722031693548387,20.1505574003267,0.884762766853576,14.4811285,2.54512308883121,4.40844679395145,4729.691366,3194.051991,781015858333.333,5.98897214916667,6.14482260833333,4.73232690714286,0.722031693548387,20.8880400848071,1.05826231402365,4729.691366,3194.051991,254.18450719132,2.42557348810336,5.5465036972973,6.92386782972973,0,141.779414657534
1980,216664061666.667,7.08775006375,6.022134875,1.39195409,5.76281366071428,0.833762451612903,20.8263038086848,0.913583366503267,14.64857625,2.85583477295382,4.16121718703164,4796.06201225,3179.00516225,779175045000,5.21168955166667,6.23762840833333,5.76281366071428,0.833762451612903,21.1793783801377,1.04388276163506,4796.06201225,3179.00516225,243.051917608906,3.2309157192446,7.82773873333333,4.69090650277778,0,150.362831120219
1981,216629165000,6.89797230391667,5.97433926666667,-0.26551437,5.33890358214286,0.690817322580645,22.1742708900742,0.914526806237159,14.248898475,2.81626796652695,4.2840019252077,4785.10305125,3167.36078125,778967790000,5.71278148833333,6.29038298333333,5.33890358214286,0.690817322580645,22.1946857100039,1.08887410926397,4785.10305125,3167.36078125,257.953266982156,2.07261564727257,5.00442644324324,7.35277802432432,83.5192873972603,604.096398328767
1982,217020330000,8.05016957333333,5.96491636666667,0.988584995,5.56014259285714,0.827244225806452,21.386470498469,0.896222332239235,16.5438525,1.63899585816119,4.95269511080819,4687.404769,3197.857004,781265605833.333,5.5819017125,6.21360459166667,5.56014259285714,0.827244225806452,22.0334552829174,1.04407742480419,4687.404769,3197.857004,219.590077778738,0.893006984741082,9.45918610555556,3.02519964361111,0,29.2297194794521
1983,216980158333.333,6.56286834175,6.04911808333333,-0.1015480995,5.56049166785714,0.853612322580645,22.8056076900693,0.946446768398553,13.3456255,2.308759543508,4.71516705767546,4647.2207655,3184.5120555,780995450000,5.12508121166667,6.295308175,5.56049166785714,0.853612322580645,23.3714864332418,1.09148170307642,4647.2207655,3184.5120555,221.220993185128,2.22971126986616,9.40891975945946,3.2964547027027,0,3.80293021917808
1984,217023120000,6.79547221166667,6.1309174,-0.23989933,5.90194238928571,0.766542983870968,22.7282513677491,0.913222204157601,13.605806,1.74215993539402,4.98504937951581,4648.71840575,3185.73575825,781254540000,5.379310349875,6.38024029166667,5.90194238928571,0.766542983870968,23.2141955504354,1.05903731184034,4648.71840575,3185.73575825,214.34425384922,1.56357363542204,8.11805845555555,4.54774535555555,0,5.14972016393443
1985,217323081666.667,7.43016308008333,6.09332728333333,0.5418161805,5.94982086785714,0.811500258064516,22.5938607750162,0.925732102775796,14.96744725,2.3873124191624,4.20647828244314,4897.4124525,3207.4636525,783058837500,5.56945876333333,6.32501800833333,5.94982086785714,0.811500258064516,22.9864040887531,1.05470780289609,4897.4124525,3207.4636525,257.764776957487,2.33614894147674,9.66504769189189,2.91401434594595,0,6.02453156164384
1986,217095795833.333,7.45413652833333,6.01934463333333,0.97878561,6.62074760357143,0.76932885483871,23.2986215717344,0.884423610471484,14.4465095,2.2102085080784,4.42529467755723,4868.45255825,3209.05758325,781694319166.667,5.8097590575,6.268121425,6.62074760357143,0.76932885483871,24.1690265627616,1.04665618639273,4868.45255825,3209.05758325,279.183386905238,2.16859864116064,8.19621368611111,4.12769518694444,0,92.6404884109589
1987,216714823333.333,6.22771937,6.02593088333333,-0.26389221,7.22109991428571,0.668441338709677,24.8244905001358,0.835884313433559,13.37678,1.99309504918279,4.68093034477404,4780.527038,3212.8893505,779442274166.667,5.04412324416667,6.31284625833333,7.22109991428571,0.668441338709677,25.2770597290365,1.00417651683248,4780.527038,3212.8893505,225.874044837701,1.08628137627513,7.73783557567568,4.86814487567568,0,251.674590383562
1988,216624736666.667,7.51136395416667,6.0592537,0.0413999,6.62511458571429,0.604256370967742,24.8095342436942,0.950099943205452,15.67406575,1.78225055166535,4.3925171018605,4929.2473225,3192.1692225,778929471666.667,5.63381066864167,6.31151756666667,6.62511458571429,0.604256370967742,25.3514101927688,1.11796695886178,4929.2473225,3192.1692225,268.81167029945,0.784800165771141,7.24002694324324,5.382328,3.41707355191257,201.40180226776
1989,216521655000,8.1331275375,5.941986975,0.97466612,6.80884691071429,0.912288467741936,24.8807971179151,1.04209887225273,16.19518575,2.31700297210514,3.95159137973279,5029.6746335,3174.100996,778329634166.667,6.07339110333333,6.28435064166667,6.80884691071429,0.912288467741936,25.2742288097668,1.27931145717215,5029.6746335,3174.100996,282.201558304977,2.88590998005996,4.14594852638889,8.19636528611111,224.080718356164,1101.09581079452
1990,217114725833.333,7.30561484833333,5.97053444166667,0.488247615,8.66436516785714,1.05877232258065,24.6052746173893,1.17155921510387,13.80885375,3.02260626017253,3.85574890335079,5001.204645,3218.1299575,781785263333.333,5.8860798725,6.21581676666667,8.66436516785714,1.05877232258065,25.3784070640727,1.36178793108213,5001.204645,3218.1299575,276.475142702705,2.82946624752882,7.59628413756757,4.80925617027027,15.7586908219178,258.633084410959
1991,217155931666.667,7.87878315833333,5.85833170833333,1.57883255,8.33755787142857,1.00702929032258,24.5305914880887,1.09168274675073,15.16177325,2.9818376453528,3.34918673090497,5255.2872365,3228.200939,782050344166.667,6.1459152,6.10547964166667,8.33755787142857,1.00702929032258,25.0842394327659,1.23757823953049,5255.2872365,3228.200939,309.600493766493,2.55008688716694,8.839578025,3.4868532825,0,71.9064205808219
1992,216749645000,7.40887855933333,5.822335175,0.389842693,10.16414445,1.08499188709677,26.3014002490643,1.07929959779049,15.211516,2.88407365672135,3.2802997040531,5330.363645,3231.30506,779652179166.667,5.73852488916667,6.1199254,10.16414445,1.08499188709677,26.7100092686257,1.25263365367233,5330.363645,3231.30506,325.119598424122,2.46065851610294,8.12749031891892,4.27999628108108,0,26.5820403825137
1993,216761112500,7.65311618583333,5.90857094166667,0.789198015,8.88302731071428,0.922467161290323,24.7532465251103,1.05371438111241,14.705121,2.45978379021375,3.64408691573151,5183.19676275,3227.75928025,779718681666.667,6.12159047,6.17475814166667,8.88302731071428,0.922467161290323,25.2138414260491,1.209922207383,5183.19676275,3227.75928025,271.902438274165,1.8254684532797,8.92285647777778,3.47521673611111,0,16.569503369863
1994,216601952500,7.09704196333333,6.06977294166667,0.27642806,7.38523829285714,1.02027216129032,24.620801600717,1.08143428532939,14.77612975,2.44236551453278,3.73226595479222,5178.851621,3195.7376785,778806329166.667,5.07079114375,6.29834483333333,7.38523829285714,1.02027216129032,25.0675200606212,1.24882118003379,5178.851621,3195.7376785,277.508823522234,2.71027831346041,9.39477484594594,3.26651946486486,0,19.6425145205479
1995,216660018333.333,6.91161263716667,6.05967659166667,0.430416693,6.19011276785714,0.918924758064516,26.088342612811,1.13943395787197,14.0779635,3.13348990277462,3.45961741687935,5265.8751095,3224.8849195,779135035833.333,5.547388405,6.28548695,6.19011276785714,0.918924758064516,26.2703439436457,1.27572684586431,5265.8751095,3224.8849195,277.958431931354,3.32449437084826,8.47114685,4.12886831666667,0,57.4022965753425
1996,216861530000,6.87652819583333,5.981307675,0.314822145,9.42533831071428,1.07578783870968,25.6281898515362,1.16140266275551,14.393323,1.71202063221735,4.17316646122674,5023.96420325,3213.24471325,780317855833.333,5.08219343091667,6.21178865,9.42533831071428,1.07578783870968,26.1133254429319,1.30573756354693,5023.96420325,3213.24471325,216.651887163145,1.47675996086853,8.84123765945946,3.66266634324324,0,0.932227267759563
1997,217323720000,8.61300382608333,5.778578775,0.8288554065,5.70189749642857,0.972522919354839,22.9577404850324,1.09274633666526,16.565532,2.38785164954218,3.26428198793345,5298.6909435,3229.433071,783070766666.667,6.22450948666667,6.05537131666667,5.70189749642857,0.972522919354839,24.0395839837022,1.27249085616086,5298.6909435,3229.433071,329.927092796889,1.88692591475032,9.3049269,3.06963861277778,0,25.1633242739726
1998,216391906666.667,7.93204239,5.788401875,1.266984205,6.06005505714286,1.04970922580645,25.2832203641223,1.17203453836364,16.31112475,3.74966414253037,2.21186139791831,5716.8784485,3226.530001,777579730000,5.85272369916667,6.08877923333333,6.06005505714286,1.04970922580645,25.8716354341434,1.35655361774986,5716.8784485,3226.530001,388.980377273935,3.28186480402251,8.51185322432433,3.99698333783784,0,6.62200164383562
1999,216448380000,7.33644182666667,6.03278639166667,-0.292719855,8.69760155,1.0886315483871,26.0441016026444,1.20988962090653,15.39141785,2.0592307403382,3.67522872700067,5188.12052975,3198.30244975,777905249166.667,5.441935765,6.24697640833333,8.69760155,1.0886315483871,26.4171068925134,1.3638578010112,5188.12052975,3198.30244975,267.658968718902,1.60858712261873,8.20237049166667,4.42252678055556,0,140.723939205479
2000,216856600833.333,8.51312599166667,6.03125100833333,1.7668146,6.25950737142857,1.04735116129032,26.4161609148026,1.20794747402092,15.52488875,2.97549815385561,3.28884769669682,5433.97777625,3209.46268375,780292791666.667,6.714124425,6.21892433333333,6.25950737142857,1.04735116129032,26.797886658847,1.35370455355604,5433.97777625,3209.46268375,347.006035568153,3.41378290790445,8.2584461027027,4.12426277594595,32.8744907650273,282.271385530055
2001,216505710833.333,7.37748854083333,6.14801513333333,0.346827565,9.90963267857143,1.17179548387097,29.4306461008265,1.26870124492834,14.736801,3.57066707067216,3.04835609935592,5429.3512095,3200.027617,778242458333.333,6.01259554583333,6.33233545,9.90963267857143,1.17179548387097,29.2959928853865,1.41661546822526,5429.3512095,3200.027617,329.098656445388,4.52638559077612,6.23210095833333,6.16765702222222,50.5754523534247,361.422452164383
2002,216862027500,7.573783006,6.07112081666667,1.27842851,10.5667804642857,1.11110985483871,27.7428294420872,1.24434577925908,15.11274,2.72046025407482,2.95969921404707,5556.23372175,3216.24552925,780318306666.667,6.007945285,6.26338191666667,10.5667804642857,1.11110985483871,28.3171228502163,1.39160690601766,5556.23372175,3216.24552925,363.44787015842,2.28874064463686,8.27938817297297,4.23655972162162,0,115.015514191781
2003,216471148333.333,7.47401243416667,5.82886055833333,0.120065325,6.12928268214286,0.980087580645161,26.0728818156586,1.19600384854305,15.44532575,3.51774601694246,2.8136044693376,5508.10719575,3248.51602075,778075925000,5.79923299583333,6.20917649166667,6.12928268214286,0.980087580645161,26.4044869435288,1.46004158938037,5508.10719575,3248.51602075,315.271631403411,3.70742034039189,3.27372558166667,8.91205972222222,128.748965753425,1415.02433553424
2004,216757428333.333,7.40933116916667,5.94363784166667,-0.094884895,7.62504396428572,1.1301954516129,27.545827319324,1.2657513316845,15.2446645,3.29855050703631,2.6941086907583,5695.51093075,3233.07517575,779703302500,5.67404021833333,6.22714010833333,7.62504396428572,1.1301954516129,27.4505335397152,1.43794671391648,5695.51093075,3233.07517575,358.63251108999,4.2604973912168,6.34369211351351,5.95611069189189,23.9708021857924,478.451757322404
2005,216655351666.667,7.28156203675,5.941795525,-0.1928125995,7.66228880357143,0.991701403225806,27.2601028270196,1.21999382518092,15.305444,3.5472657041815,2.0653431948508,5795.043458,3233.495958,779109637500,5.51792628083333,6.24825594166667,7.66228880357143,0.991701403225806,27.5092488771368,1.40591116742909,5795.043458,3233.495958,376.835591445763,3.11963481782744,6.28999734527778,6.20404543055556,89.3408091232877,493.406167150685
2006,216800336666.667,8.32703158275,6.1311697,0.1455070365,5.73218868928571,1.06864790322581,25.407205354755,1.29956354211064,16.826641,2.90106602877195,2.802406991696,5567.58846,3201.72168,779949327500,6.04720009916667,6.36367935,5.73218868928571,1.06864790322581,25.4558908824719,1.44933486425388,5567.58846,3201.72168,345.847109533895,2.26865280126217,7.2007233027027,5.16828322702703,0,226.245385506849
2007,216702530833.333,7.95004028641667,6.04821475833333,0.222987365,7.12377698214286,1.21639964516129,25.8969606427866,1.25762507572545,16.00009525,2.78733555655804,2.76627241836738,5555.8359685,3228.5791185,779390240833.333,5.92597241083333,6.29874406666667,7.12377698214286,1.21639964516129,25.6680005968884,1.40848705629136,5555.8359685,3228.5791185,326.912060660931,2.56365913925905,9.10945461944444,3.39033606944445,0,46.3207375068493
2008,216615719166.667,8.24497706583333,5.994379825,0.372482685,6.18112160357143,1.03087343548387,25.650137295558,1.1806618384999,15.865718,3.37068642046023,2.87333906791381,5584.75293725,3230.38397225,778902373333.333,6.5539116025,6.26304791666667,6.18112160357143,1.03087343548387,25.8659580407284,1.34081555324801,5584.75293725,3230.38397225,356.681857925288,3.15022485941126,6.41549232702703,5.96709428648649,0,303.248961502732
2009,216868202500,8.50153219166667,6.00244469166667,1.7323256,8.11684674642857,1.06346458064516,26.7321896410795,1.22780206170245,15.8148165,3.12442527474393,2.92208925923913,5550.01533075,3223.01946075,780369550833.333,6.77899233333333,6.238650025,8.11684674642857,1.06346458064516,26.9712350092574,1.37848181692283,5550.01533075,3223.01946075,334.112961674539,3.24967584828446,7.20535797297298,5.01062616756757,10.1186095342466,331.828518821918
2010,216588757500,8.46570798075,5.86375445,1.1758781495,10.1875128392857,1.22269583870968,26.6087706194381,1.2280227276226,16.67675475,2.8693029080391,2.87606229798815,5475.953776,3244.315711,778716332500,6.32673049083333,6.19859333333333,10.1875128392857,1.22269583870968,27.3234020082661,1.45499403967378,5475.953776,3244.315711,321.950736604159,2.27758439228209,5.79511855,6.43604511111111,8.80397835616438,467.898280219178
2011,217324039166.667,8.67075740833333,5.887437625,2.6727706,8.83408985678571,1.16040851612903,25.1773161536357,1.18816774096909,16.08401975,2.72303007109878,2.9517303210939,5431.37826325,3242.11532325,783029117500,6.93675110833334,6.12825675833333,8.83408985678571,1.16040851612903,25.849557190163,1.3634858514356,5431.37826325,3242.11532325,341.193754836285,1.98417930595021,6.89122749783784,5.23113948648649,118.322342410959,570.438982191781
2012,217069037500,7.49629869416667,5.89479005,0.853684495,6.17837252142857,1.02103775806452,24.4347042538669,1.12088360686413,14.4024055,2.69961017165233,3.35757104032468,5301.5609605,3262.753708,781533076666.667,6.05832513833333,6.11961676666667,6.17837252142857,1.02103775806452,24.7315977935137,1.25462795384664,5301.5609605,3262.753708,284.62715644387,2.59240885578947,9.31528831388889,3.11994211388889,0,0
2013,216877458333.333,8.1984135125,5.634520775,0.82669867,6.22008222142857,0.846201564516129,24.431578330265,0.977152050795267,16.14285475,2.3029593249916,3.45503574252798,5260.080829,3258.0416265,780475482500,6.19325199666667,6.02101088333333,6.22008222142857,0.846201564516129,25.1112359759803,1.22342756178088,5260.080829,3258.0416265,286.890012794596,2.28575640950678,6.22568767027027,6.0556563,0,486.202359013699
2014,217187280000,9.00560354166667,5.71143458333333,2.4975741,6.82276336428571,0.912945370967742,23.3249811282201,0.95420959095171,15.9232755,2.25657181710258,3.91207676493255,5089.77126175,3253.80796175,782237035000,6.989069625,5.94778723333333,6.82276336428571,0.912945370967742,24.014673442052,1.11316601205041,5089.77126175,3253.80796175,265.863375135302,2.10662077901118,10.3391929805556,1.95404879833333,0,0
2015,216356217500,7.67216466503333,5.66636978333333,1.1320256952,5.34952685357143,0.781470838709677,22.6344929560456,0.891198100328596,14.971312,2.5705855726532,3.8765782130902,5041.95946325,3282.65752075,777380425000,6.04776241,5.932132925,5.34952685357143,0.781470838709677,23.3117812075305,1.06639999760635,5041.95946325,3282.65752075,238.047345504234,2.84762982082421,9.48193392162162,2.77881489459459,0,0
2016,216513913333.333,8.26532535941667,5.8142649,0.5379466265,5.79096181071429,0.726899032258065,23.0944707816019,0.895211904730496,16.71417125,2.13622274420214,3.88786687924648,5080.26630575,3230.06019825,778309090833.333,6.08369715166667,6.0378477,5.79096181071429,0.726899032258065,23.7097658155593,1.05825455076084,5080.26630575,3230.06019825,245.858453759154,1.54740864248665,9.48770340833333,3.00662118611111,0,25.9924719945355
2017,216416804166.667,7.98472861333333,5.88376899166667,0.481939355,5.73833491785714,0.770499580645161,24.6944659333183,0.966908273598737,15.52506675,2.55649863281881,3.70299022404386,5183.55804825,3217.83975325,777720603333.333,6.56217103416667,6.10582656666667,5.73833491785714,0.770499580645161,25.114096824001,1.128303568655,5183.55804825,3217.83975325,305.599264403348,2.78618636229255,8.50974199189189,3.81881287837838,0,22.5500705479452
2018,217050516666.667,9.15866268333333,5.87456703333333,2.8649702,5.64048269285714,0.717348048387097,23.1493412573319,0.920842575443001,15.902751,1.80275240611483,4.14553381507382,5013.253785,3239.78167,781449980000,7.49873579166667,6.07489328333333,5.64048269285714,0.717348048387097,23.6805887547816,1.07082445758471,5013.253785,3239.78167,227.827406496119,1.27890041019474,7.71051868888889,4.29513408333333,0,33.197188739726
2019,216930961666.667,8.70045348416667,5.81655164166667,1.458160155,5.13583088571429,0.865404403225806,23.8708035339591,1.03818117880521,15.60296975,3.05289593462609,2.91601729291961,5456.1159255,3252.296928,780730196666.667,7.17570596666667,6.02592566666667,5.13583088571429,0.865404403225806,24.3958295797391,1.17959167071665,5456.1159255,3252.296928,340.605731101994,3.14676933392299,9.13330381621622,3.01194167837838,0,0
2020,217007148333.333,9.916225325,5.87243260833333,2.66151195,6.90502438571429,0.874043516129032,23.1860207068941,0.982215447371187,17.41870025,2.03724969207115,3.21801690777528,5340.038285,3219.044215,781183563333.333,7.62234115833333,6.07354944166667,6.90502438571429,0.874043516129032,23.9097701269599,1.14652409556353,5340.038285,3219.044215,299.317462894409,1.20543576014206,9.60573127777777,2.68600128611111,0,0
2021,216670990833.333,8.82295094441667,5.95778624166667,1.1965666565,6.03216527821429,0.922994983870968,23.1630986499553,1.02346615641208,16.45260575,2.32985832665885,3.22325092011703,5311.42320775,3227.58284275,779204961666.667,6.89095633,6.13903051666667,6.03216527821429,0.922994983870968,23.6635110164734,1.17297829047874,5311.42320775,3227.58284275,304.41766046787,2.1235158349837,9.02734308378378,3.33428220297297,0,50.1526298630137
2022,216911871666.667,8.312706,5.92522396666667,1.5929417,5.38619395,0.84177364516129,23.1863483022431,0.968642689729973,15.07786775,2.6826675188098,3.39278442100084,5263.72899625,3254.08436875,780620543333.333,6.85674089166667,6.09803291666667,5.38619395,0.84177364516129,23.581399848809,1.0914802778023,5263.72899625,3254.08436875,283.308356379093,2.74410179963169,8.75349449166667,3.43249066694444,0,29.6384172328767
2023,216590219166.667,8.46747870166667,5.748970575,1.38788688,5.68421814642857,0.784183516129032,22.0511444366181,0.904095769175052,15.444914,1.96767076930445,4.05150077534478,5063.363922,3280.330472,778747955833.333,6.73406670333333,6.00573136666667,5.68421814642857,0.784183516129032,22.7099148439431,1.07384729403285,5063.363922,3280.330472,232.528244509303,1.77972954758972,7.60814611621622,4.54110328918919,0,206.254533534247
2024,217383279166.667,9.32652533333333,5.65468301666667,2.53763125,5.21905763714286,0.796711838709677,21.9957100047005,0.915606775398218,16.17197725,3.08755440019753,3.27602290148829,5243.8335945,3269.278562,783424265833.333,7.536140575,5.899969525,5.21905763714286,0.796711838709677,22.8147867318652,1.07514985144732,5243.8335945,3269.278562,304.817633060568,3.02925252584435,9.537400325,2.56885803222222,0,39.4120821311475
2025,216779327500,9.21481709166667,5.57389395833333,2.41472595,6.08502392142857,0.698027161290323,21.2188168588609,0.840033340236175,16.7180235,1.32373672550562,4.95301251765651,4800.865809,3273.532529,779838139166.667,7.19066995833333,5.87779519166667,6.08502392142857,0.698027161290323,22.4151463937167,1.02647753974858,4800.865809,3273.532529,202.647793101864,1.40485293582341,7.96850582702703,4.00223655405405,0,208.245311452055
2026,216962350833.333,8.61665428833333,5.68314514166667,1.7591597,6.56873728214286,0.786229274193548,21.9467595765423,0.897644958884936,15.67787275,2.38209200935371,3.91385368986788,5071.71895425,3272.60589175,780929711666.667,7.17721431666667,5.90869205,6.56873728214286,0.786229274193548,22.7033528617547,1.03450100098599,5071.71895425,3272.60589175,266.523040934755,2.20667980069556,9.03010434722222,3.08357708611111,0,18.0309643835616
2027,216704166666.667,9.33682725833333,5.59108765,2.58031525,6.23257698035714,0.739827451612903,20.8830761651428,0.833555032269719,16.71919275,1.38880478231235,4.6259909251257,4898.90218125,3266.29349625,779387209166.667,7.21764810833333,5.85842681666667,6.23257698035714,0.739827451612903,21.7049438256405,0.991327904011438,4898.90218125,3266.29349625,231.64047309667,1.447741760358,8.55911884054054,3.49788724405405,0,78.2033641369863
2028,216693227500,9.18662390333333,5.50650629166667,1.21306059,5.19680291785714,0.738355870967742,20.254935859884,0.818096148081822,17.618924,1.46971769429133,4.70107308133996,4849.264271,3271.0329235,779337753333.333,6.25497926166667,5.78557735,5.19680291785714,0.738355870967742,21.2794895412654,1.00044574811264,4849.264271,3271.0329235,192.21461604569,1.05775291317074,9.66977715405405,2.62779000648649,0,25.5894364754098
2029,216836012500,8.66826875833333,5.53076925833333,1.5976764,4.93360126071429,0.721464951612903,20.387325999893,0.846381657091966,16.950411,1.53638006396583,4.67955559425409,4843.64084925,3264.99874175,780192462500,6.73393784166667,5.77870936666667,4.93360126071429,0.721464951612903,21.0870180316608,0.983613834573355,4843.64084925,3264.99874175,229.878784392716,1.25530981058657,9.60285106666667,2.61911721972222,0,10.4172110958904
2030,216733240000,7.88456131958333,5.755458275,-0.02486775,4.88907396428571,0.72039114516129,21.55365787176,0.88345372046825,15.2826385,1.88224705174567,4.13274045835055,5017.62239775,3241.86336025,779564815000,6.5206884575,5.94411245833333,4.88907396428571,0.72039114516129,21.9133981641632,1.00063182685811,5017.62239775,3241.86336025,244.25185710744,1.8906330507437,8.86417993243244,3.64011432432432,0,18.5257402739726
2031,216384657500,8.43501714666667,5.673786125,1.48489752,4.37414396785714,0.632311322580645,20.6535948879414,0.815357423920743,16.53282775,1.76369410650073,4.47400781079396,4890.520114,3274.603229,777547260833.333,6.58647706083333,5.92447963333333,4.37414396785714,0.632311322580645,21.2444391116473,0.987244991635046,4890.520114,3274.603229,202.378116781899,1.10408424722131,6.486309475,5.63970638055556,0,263.626156109589
2032,216674085833.333,9.546145775,5.5225088,1.5621455,4.57568128214286,0.737353516129032,20.5509390292635,0.869694776075928,18.1034065,1.53291541694758,4.74118722860447,4826.8564895,3263.752957,779244865833.333,7.073863375,5.88934660833333,4.57568128214286,0.737353516129032,21.2074564461226,1.1151399864413,4826.8564895,3263.752957,213.594195114841,1.13564214856737,4.4782906,7.46558579459459,36.9923038251366,718.558743224043
2033,216829903333.333,9.41717810833333,5.44288271666667,3.25236755,4.936645185,0.862416564516129,20.1381070971161,0.930415140921332,17.08663125,2.07786628247461,3.94221230444629,5046.716689,3277.186654,780171227500,7.359489325,5.71929578333333,4.936645185,0.862416564516129,20.6905405620698,1.08807877304165,5046.716689,3277.186654,260.414835072162,1.68707692062874,8.68591798611111,3.44587620833333,0,115.321774986302
2034,216669952500,9.15239207883333,5.43598153333333,0.150085073,5.042953875,0.777646564516129,20.0518313532292,0.848509088385266,17.3198455,1.3458826254445,4.60458222214294,4907.5130435,3271.188146,779229249166.667,6.4289300275,5.702397475,5.042953875,0.777646564516129,21.1631152927722,1.03445802300388,4907.5130435,3271.188146,221.863949064718,1.08256266163849,9.25868991621621,3.03193600756757,0,25.5617790684932
2035,216597316666.667,7.86184939333333,5.47806603333333,0.220089395,5.25009506428571,0.776532806451613,20.7668470648551,0.842911289774547,15.55802125,2.21387818704601,4.20577877594575,4946.6624365,3263.895864,778775653333.333,5.94749761666667,5.80747401666667,5.25009506428571,0.776532806451613,21.5677678758517,1.02637561814984,4946.6624365,3263.895864,222.585167565688,1.91755087348332,8.53600613333333,3.91833873333333,0,89.5229196986301
2036,216529515833.333,8.31101619808334,5.64975365833333,0.9422944035,5.16180855357143,0.686766274193548,20.7813714252036,0.833127259699281,16.6622835,1.68594062972936,4.59772267005084,4854.8208095,3241.4574645,778374814166.667,6.42378557083333,5.86978571666667,5.16180855357143,0.686766274193548,21.2103007333721,0.967540977455019,4854.8208095,3241.4574645,223.044248580907,1.61868094725223,8.77274748378378,3.67012599189189,0,74.9259206830601
2037,216967785000,8.38885068583333,5.604731725,0.39795842,4.98690433928571,0.650833774193548,20.6887477158765,0.786129039235786,15.7468795,1.99391143752315,4.43768229239685,4866.81931,3285.1387,780955413333.333,6.81362627666667,5.8709273,4.98690433928571,0.650833774193548,21.2402478694033,0.951931483107363,4866.81931,3285.1387,215.612553009973,2.08170615925098,6.371870625,5.79162467777778,0,209.946842767123
2038,216706619166.667,9.0389368555,5.53279805,1.60799074,5.12729840678571,0.657503951612903,20.0155538717223,0.796169990085631,16.36844175,1.64931585170002,4.62998651953766,4834.56432,3284.8547425,779410185000,7.2818298425,5.77680200833333,5.12729840678571,0.657503951612903,20.5855644064052,0.934283499934257,4834.56432,3284.8547425,222.255269934004,1.17127438506037,8.21932037837838,4.03908917297297,0,10.8792402739726
2039,216625530833.333,10.1395171166667,5.41059079166667,4.50470655,4.59752819285714,0.680277532258065,19.2019968194084,0.742715623506935,17.6636775,1.80604181121195,4.53729489925238,4832.44559875,3289.90795625,778963278333.333,7.63319520833333,5.677645075,4.59752819285714,0.680277532258065,19.7158488963711,0.884584682469619,4832.44559875,3289.90795625,220.918266524609,1.26839154720858,8.72668154166667,3.34093956111111,0,0
2040,216820026666.667,8.76019860883333,5.46284045,2.04795454,4.742653125,0.6689155,19.5444608991025,0.734076885347868,16.34211575,1.78988911679484,4.95978288830243,4690.51782875,3297.95564375,780068347500,6.70761807833333,5.711280825,4.742653125,0.6689155,20.298961979466,0.87929265416147,4690.51782875,3297.95564375,193.416810443635,2.07878477834165,9.3152622027027,2.94692888648649,0,0
2041,217032150000,10.5589982083333,5.46780475833333,3.26365065,5.48664265964286,0.603353,19.537464862949,0.697963646454046,17.979074,1.37569779671892,4.8304400410181,4826.72033975,3282.72861725,781362616666.667,7.99886734166667,5.7021723,5.48664265964286,0.603353,20.6487350570425,0.858652175156912,4826.72033975,3282.72861725,239.197372684498,0.722016253565893,9.80897991111111,2.33481011611111,0,0
2042,216646570000,9.749509675,5.50477395,2.91855355,4.97348055892857,0.632520080645161,19.8068929945929,0.730939574645568,17.28993,1.59817859063736,4.62293149728191,4860.1471285,3277.1077585,779078560833.333,7.68018331666667,5.715353175,4.97348055892857,0.632520080645161,20.667130350367,0.873596773632809,4860.1471285,3277.1077585,227.406596568492,1.07777503446749,9.39987788378378,2.65700501513514,0,0
2043,217236338333.333,10.0215619083333,5.383112975,3.23060285,4.96948245785714,0.645788725806452,19.6182159182899,0.734701890988683,16.9844515,2.15956543757814,4.26377923353006,4897.45454275,3308.19033025,782526325833.333,8.28977733333333,5.59190709166667,4.96948245785714,0.645788725806452,20.3815286820568,0.866472810923475,4897.45454275,3308.19033025,250.494403983889,1.32237585446547,9.81953622222222,2.17917990305556,0,0
2044,216567705833.333,9.37958141666667,5.3080107,2.51233355,4.95754772071429,0.638183451612903,19.1852856679444,0.716840726948443,16.25535475,1.72602985250405,4.74592242552347,4774.07955825,3311.83237825,778624603333.333,7.62801595,5.52092456666667,4.95754772071429,0.638183451612903,19.7543475086504,0.835774623755516,4774.07955825,3311.83237825,209.153953350962,1.59276272586691,9.4950498972973,2.53192877351351,0,0
2045,216863670833.333,8.68887457083333,5.30692305,2.5741433,5.05120137785714,0.595248677419355,19.2469617116262,0.682336822890736,16.53489225,1.48571199758627,5.13115522631921,4669.3005215,3317.6898815,780329008333.333,6.92595619166666,5.51223996666667,5.05120137785714,0.595248677419355,19.9039682731833,0.80214456876427,4669.3005215,3317.6898815,182.694333549487,1.09153261636197,9.44501197777778,2.71875167388889,0,1.75247928767123
2046,216694115000,8.58487138283333,5.26755695,0.55386844,4.36615381428571,0.550549564516129,18.9314414383436,0.68529334547336,17.17469,1.21841409589727,5.27099407519284,4673.07429125,3297.90309375,779335576666.667,6.13194661,5.51285570833333,4.36615381428571,0.550549564516129,20.0185029514131,0.848956396417798,4673.07429125,3297.90309375,182.223874091204,0.673834414377733,10.0128821054054,2.34468008837838,0,0
2047,217075196666.667,9.12498033583333,5.32428856666667,0.747102915,4.45047850714286,0.610650467741935,19.0920013333218,0.688915799159987,17.2577235,1.40158972612344,5.30105447356907,4607.83346575,3290.82230075,781586848333.333,6.90389614083333,5.51003246666667,4.45047850714286,0.610650467741935,19.814724836773,0.819065505484799,4607.83346575,3290.82230075,195.310775750849,1.69841646538812,10.7911115583333,1.59555346544444,0,0
2048,216527878333.333,8.62908480833333,5.24220300833333,1.9399405,5.16082868571428,0.537571129032258,19.157932388285,0.641299811971813,16.08615425,1.34994450420039,5.32207888654219,4617.4752685,3314.361416,778364976666.667,6.93788858333333,5.441396625,5.16082868571428,0.537571129032258,19.8647066229344,0.75929303735696,4617.4752685,3314.361416,174.633358684604,0.998656238424452,9.57349007567568,2.63692503432432,0,0
2049,216693457500,9.44243248333333,5.2023505,2.3603305,4.93246722857143,0.532171903225806,19.0274346758529,0.632046466500355,16.575289,1.56241634390503,5.17501622485723,4630.02508125,3302.55569375,779334483333.333,7.871158725,5.38392650833333,4.93246722857143,0.532171903225806,19.7451509992631,0.746970514617307,4630.02508125,3302.55569375,207.79036456799,1.44851599225195,9.84932898648649,2.23985772027027,0,0
2050,216631313333.333,8.867038225,5.20849101666667,2.55670995,4.90775183357143,0.505635,18.9328854592565,0.609428070052231,16.127356,1.13057050169592,5.61422723196269,4541.9403065,3324.845204,778960490833.333,7.07171505833333,5.40536436666667,4.90775183357143,0.505635,19.6395106111562,0.731769934643091,4541.9403065,3324.845204,153.641241166743,0.670836535102371,9.79963306388889,2.33865350944444,0,0
2051,216643206666.667,8.93411775333333,5.31998841666667,1.607415255,4.58735394571429,0.553832209677419,19.504053882933,0.672784258666395,16.308865,1.35522682917418,5.10449652232344,4693.77688375,3291.48160625,779052082500,7.11699798833333,5.48747060833333,4.58735394571429,0.553832209677419,20.1675865696378,0.794935391349695,4693.77688375,3291.48160625,203.738697715316,1.09938979261501,10.079452227027,2.24294054567568,0,0
2052,217004360833.333,9.55763545,5.2549636,2.3130926,5.17765152857143,0.609018790322581,19.6071322456913,0.655776639481827,17.03159525,1.51044314588613,5.29224807069568,4583.96283925,3307.99992675,781175650833.333,7.21480603333333,5.43884201666667,5.17765152857143,0.609018790322581,20.3791901705588,0.793759222622635,4583.96283925,3307.99992675,182.227133816007,1.43163557736645,9.48120032222223,2.59108819472222,0,0
2053,216980370833.333,10.3859373583333,5.13365380833333,3.08332425,5.08204761785714,0.538682903225806,18.8370118493131,0.612799355698249,17.8703095,1.29560823236553,5.3727804000506,4610.318486,3315.4320835,781039032500,7.9990202,5.368509275,5.08204761785714,0.538682903225806,19.9000250064529,0.768409374880778,4610.318486,3315.4320835,192.149230730862,0.485684020452042,9.44251195945946,2.51311565216216,0,39.325428630137
2054,217150225833.333,10.3734618583333,5.179271,3.83058015,5.01605782107143,0.607641741935484,18.8587002922923,0.677551916385843,17.41609175,1.46692813910251,5.06874644491989,4699.67326325,3308.29254575,782015764166.667,8.36225294166667,5.35555675833333,5.01605782107143,0.607641741935484,19.4289083953443,0.786185747782265,4699.67326325,3308.29254575,209.526801112384,0.889801927198421,9.82643761388889,2.10839557833333,0,0
2055,216677762500,10.1535158333333,5.124516275,3.32352755,4.55555858678571,0.587961919354839,18.493032043257,0.643406864589405,17.64177875,1.60999190977945,5.15144231923075,4619.3433925,3320.79046,779262523333.333,8.11676900833333,5.36257258333333,4.55555858678571,0.587961919354839,19.1427961901146,0.77099889264365,4619.3433925,3320.79046,201.008913700335,1.03740050337674,9.86320174864865,2.11428124837838,0,0
2056,216819464166.667,9.5917760125,5.28597883333333,3.31114075,4.80536107428571,0.60298385483871,19.1438863973162,0.669052808550773,16.91994,1.8192479514398,4.96994386331538,4660.90814175,3310.49149675,780083754166.667,7.92297270833333,5.436139675,4.80536107428571,0.60298385483871,19.5389691488495,0.764888158339402,4660.90814175,3310.49149675,213.973850406001,1.9945538972563,9.67388590833333,2.35187121555556,0,0
2057,217189935000,10.42044135,5.03400275,4.2364116,4.98682093535714,0.524515806451613,18.3529370907193,0.573443610600346,18.0083255,1.12634850169492,5.71826975602408,4482.769656,3330.5085285,782256232500,8.003664675,5.29181354166667,4.98682093535714,0.524515806451613,19.6026016857543,0.746474732368101,4482.769656,3330.5085285,151.518912478977,0.372795530016452,10.0175670783784,1.94387280378378,0,0
2058,217151253333.333,9.68012760833333,4.986436925,3.4246608,5.15085014,0.565850370967742,18.3037050160814,0.597826856786465,16.4893985,1.38908301386671,5.44123095665527,4538.465231,3335.0222785,782010255000,8.02365331666667,5.22124074166667,5.15085014,0.565850370967742,19.2357404309658,0.735034376457819,4538.465231,3335.0222785,178.285380508534,0.876969004813387,10.3067017638889,1.66341942555556,0,0
2059,216832766666.667,9.90953165,5.02088999166667,2.61524085,4.86444161214286,0.526916,17.867337963218,0.588494114895858,17.84496925,0.895001115036329,6.01748255937239,4398.95937825,3328.59960575,780184156666.667,7.510372225,5.26714725,4.86444161214286,0.526916,18.8923899678298,0.729683809084257,4398.95937825,3328.59960575,144.144275728027,0.276244727978433,10.3879761702703,1.69033740756757,0,0
2060,217019468333.333,10.5453213416667,5.05383264166667,4.13588395,5.38963045535714,0.597089983870968,17.9981228160505,0.62755356943054,17.22942475,1.49116037531473,5.17349255650391,4640.3578665,3326.699689,781277422500,9.05243184166667,5.222003375,5.38963045535714,0.597089983870968,18.6632065662942,0.720240719827597,4640.3578665,3326.699689,223.696160285741,0.74888909715297,10.2262128833333,1.56699110333333,0,0
2061,216599578333.333,10.2843449916667,4.94492215833333,3.4057478,4.47692908964286,0.537941870967742,17.7145489247992,0.571346135165336,17.74128475,1.07274644705529,5.68643694923641,4516.91068975,3348.57359725,778776430000,8.00109165,5.20167296666667,4.47692908964286,0.537941870967742,18.9292743366671,0.733255990338355,4516.91068975,3348.57359725,162.864387913883,0.515220090876486,10.1256318162162,1.7784985927027,0,0
2062,216865819166.667,10.564507325,5.06051068333333,3.1329516,5.11638990464286,0.5561405,18.2469361753786,0.63559102453357,18.61160825,1.10885850047034,5.53713615322966,4580.573336,3324.250366,780342463333.333,8.39246781666666,5.2503855,5.11638990464286,0.5561405,19.0516516710785,0.75212163432911,4580.573336,3324.250366,199.386778214549,0.38380922025269,10.1504777416667,1.79519657444444,0,0
2063,216951467500,10.39981045,4.99032746666667,3.66342045,4.71700839357143,0.594093741935484,18.1826680685586,0.624280382430083,17.59911225,1.39211566184107,5.20127046232815,4657.2384335,3346.8102635,780859375000,8.31137409166667,5.20806965833333,4.71700839357143,0.594093741935484,19.1036583258119,0.759256257474774,4657.2384335,3346.8102635,197.039895517542,0.681887282490686,10.3115600567568,1.57795458648649,0,0
2064,216822313333.333,10.7610761666667,4.91481298333333,4.1253683,4.40581242892857,0.532965338709677,17.4793807221493,0.569484791637967,18.3752095,1.39229845485001,5.3738793676697,4569.051667,3334.1347395,780093575000,8.79332859166667,5.135607675,4.40581242892857,0.532965338709677,18.2190906384799,0.688727356876376,4569.051667,3334.1347395,201.567267699665,0.585674495151579,10.0032143416667,1.76450594722222,0,0
2065,216381135000,10.9044046916667,4.90469039166667,3.1236456,4.05479279678571,0.486560983870968,17.8015029834118,0.567696946267877,19.201662,0.920168158659642,6.0027821867426,4406.071492,3330.469997,777520447500,8.09409089166667,5.15701025,4.05479279678571,0.486560983870968,18.7517895689519,0.715437420288444,4406.071492,3330.469997,161.985850679525,0.295581566582049,9.80235141351351,2.16812383540541,0,0
2066,217016328333.333,10.0050564416667,5.04575041666667,3.1875836,5.21002853035714,0.590775887096774,18.0844378038272,0.608184614023797,17.79774075,1.33327911903935,5.47137944411314,4543.877132,3352.151377,781251508333.333,7.7823334,5.25670645,5.21002853035714,0.590775887096774,18.8060424110725,0.737179555761239,4543.877132,3352.151377,172.677763450793,0.754451776605983,9.15771259722222,2.76619551472222,0,0
2067,216997935000,11.5153413583333,4.907926775,4.06254725,4.25489761964286,0.540927,17.1819048492703,0.551964779195522,18.99852025,0.831402935703979,5.9087123398133,4472.080676,3346.505506,781136749166.667,8.7786765,5.1588401,4.25489761964286,0.540927,18.1629826624859,0.700964562455488,4472.080676,3346.505506,172.59220301885,0.44266810566789,10.4224696162162,1.46654496216216,0,0
2068,217035532500,10.9238757,4.89152223333333,4.3929336,4.73043710214286,0.550284161290323,17.695847531646,0.583165844893724,18.5398095,1.0765446193496,5.78139866216726,4461.70011575,3352.21395075,781324085833.333,8.80471453333333,5.09230073333333,4.73043710214286,0.550284161290323,18.3912279657313,0.695166758732593,4461.70011575,3352.21395075,187.131440177141,0.594409233368772,9.83269402432432,1.95031748216216,0,0
2069,216316047500,10.6659947416667,4.89399076666667,2.67737715,4.65330628535714,0.495780338709677,17.6508419321711,0.535349414978083,18.79975975,1.1773537484163,5.94693539446551,4338.88273175,3339.59247675,777155615000,8.378087275,5.128115025,4.65330628535714,0.495780338709677,18.6592900621178,0.680941864866281,4338.88273175,3339.59247675,153.581308504135,0.430320765254848,9.778332675,2.09147542083333,0,0
2070,217034758333.333,10.2624483,5.01330589166667,3.87005625,4.76782877964286,0.533663629032258,17.9908685861795,0.595203247926082,16.65743675,1.7245512124575,5.17427217622136,4572.3356275,3350.9191875,781337396666.667,8.89211325,5.164629175,4.76782877964286,0.533663629032258,18.4808451449614,0.673559453133979,4572.3356275,3350.9191875,200.865442077874,0.933473836243015,10.2371578891892,1.55769408405405,0,0
2071,216981759166.667,11.9137804416667,4.73248015,3.96277385,4.59002698928571,0.487995080645161,17.0721957688672,0.501136600759723,20.33517,0.807109558011304,6.2086457760142,4329.025854,3343.505624,781011545000,9.169254725,4.99596481666667,4.59002698928571,0.487995080645161,18.2647664367345,0.664540076070079,4329.025854,3343.505624,157.62286565031,0.172990495578123,9.75456450555556,1.9999666775,0,0
2072,216573152500,11.0090083416667,4.76081356666667,3.92973605,5.34309056285714,0.496987967741935,16.8867629401678,0.490645038381723,19.01094475,0.589322339811183,6.49619316310535,4245.30760475,3349.54084975,778636978333.333,8.772047975,4.97917015,5.34309056285714,0.496987967741935,17.6977204924258,0.605908093536616,4245.30760475,3349.54084975,144.144736398687,0.0961085078765679,9.81163219189189,1.9211461372973,0,0
2073,217037949166.667,10.875707675,4.71789484166667,3.5563092,4.44643050571429,0.446397177419355,16.6478547342823,0.462402609323861,18.4824515,0.887977339155942,6.3735758340667,4207.45191475,3371.92958725,781349845000,8.412185875,4.94517995833333,4.44643050571429,0.446397177419355,17.9108965526538,0.60878593138211,4207.45191475,3371.92958725,120.663478448001,0.116493853479776,10.6699861777778,1.31203642805556,0,0
2074,217198027500,11.5541575666667,4.69634333333333,4.4092584,4.59531065,0.414028612903226,16.7542356269351,0.451765300477063,18.95219075,0.806271341649854,6.33949730277208,4248.41474625,3356.90333625,782279555000,9.37185985833333,4.90595455,4.59531065,0.414028612903226,17.657602959591,0.574304708371535,4248.41474625,3356.90333625,139.315868156051,0.0392128025080205,9.98063068918919,1.66352085162162,0,0
2075,216655720000,10.8152868583333,4.65723249166667,4.7526623,4.23985486107143,0.401413790322581,16.3679674141828,0.418655948223634,19.73427825,0.334233410393242,7.06016939402138,4041.365111,3373.643571,779127204166.667,8.1821905,4.89532570833333,4.23985486107143,0.401413790322581,17.269721072479,0.54702955436221,4041.365111,3373.643571,86.7322614872463,0.0137042977058673,9.76196136944444,2.02983711694444,0,0
2076,216601108333.333,11.3369482833333,4.69903863333333,3.4109807,4.51143811285714,0.401073032258065,16.6383504056464,0.427623567822285,19.67436525,0.641644557929375,6.63446558211581,4156.6759545,3365.772012,778788083333.333,8.65106885,4.92504990833333,4.51143811285714,0.401073032258065,17.7757657712178,0.574553198497157,4156.6759545,3365.772012,126.428573080307,0.0031951060397478,10.2208820216216,1.66425580864865,0,0
2077,217052295000,10.6805353083333,4.668259975,4.3655542,4.81804405678571,0.44556635483871,16.4109221231474,0.435440528069033,18.04761075,0.742463480636367,6.50096792066952,4180.599764,3398.7992615,781422510000,8.6124299,4.87008675833333,4.81804405678571,0.44556635483871,17.2878777713477,0.554138579254974,4180.599764,3398.7992615,115.114494607339,0.102952383739227,10.118267375,1.70987443916667,0,0
2078,216980320833.333,11.6078699583333,4.48273149166667,3.97218535,3.81409508285714,0.349950435483871,16.5293324181929,0.37758475567775,20.8505565,0.257339098747954,7.2325185450266,3980.97046875,3386.31975625,781021276666.667,8.69866528333333,4.737613375,3.81409508285714,0.349950435483871,17.3476586939904,0.514737835447294,3980.97046875,3386.31975625,77.0395335668657,4.3237538037891e-05,10.0335340918919,1.73562955648649,0,0
2079,216955330833.333,11.4661991166667,4.44458665,3.57360745,5.86359311035714,0.397160096774194,17.3004417259779,0.374382390320494,19.128281,0.345811050740188,7.0625008391719,4034.0628435,3392.522626,780873440000,9.10196679166667,4.68399564166667,5.86359311035714,0.397160096774194,18.1049845130475,0.507627782326134,4034.0628435,3392.522626,93.1440488862366,1.10048095577495e-06,10.051413325,1.75076886,0,0
2080,216561195833.333,12.20654655,4.43465815,5.0301694,5.781090945,0.358225048387097,17.8733374569234,0.358969459160117,20.63922775,0.355022529539979,7.23125017294054,3939.928655,3384.22902,778564060833.333,9.036587775,4.65839725833333,5.781090945,0.358225048387097,18.6576748959205,0.501137522564347,3939.928655,3384.22902,88.0741103768568,3.1797358418329e-07,10.0397226189189,1.67459646162162,0,0
2081,216682301666.667,11.2897217166667,4.473184525,3.8584825,6.01294144607143,0.346563403225806,18.0120577342947,0.371520873343478,19.6778085,0.313852178081813,7.19675673864142,3976.63583375,3392.17141375,779268714166.667,8.41548811666667,4.68577846666667,6.01294144607143,0.346563403225806,18.6919863569272,0.49609302568466,3976.63583375,3392.17141375,81.7325891439616,2.90917835135173e-07,9.97094231944444,1.79637533555556,0,0
2082,217025574166.667,11.689463275,4.44114935,4.559486,6.18980067892857,0.371453,17.8422381242814,0.367816884431541,20.20661775,0.272573985479033,7.26603972654562,3956.7694595,3394.8585395,781285973333.333,9.02349476666667,4.676447025,6.18980067892857,0.371453,18.3663855071172,0.488029225448768,3956.7694595,3394.8585395,78.3775157292694,1.29530675142338e-07,9.97607127567567,1.67492715702703,0,0
2083,217004627500,11.6433670916667,4.42884938333333,3.2217851,6.75908764607143,0.411134758064516,17.9292940326276,0.388741589888976,20.31304925,0.632006006255542,6.78944085075782,4070.70133025,3388.43090775,781162831666.667,8.82024306666667,4.69247765833333,6.75908764607143,0.411134758064516,19.0258063766384,0.560655397091633,4070.70133025,3388.43090775,116.796114487064,5.88565885656031e-07,9.97755316666667,1.9275271875,0,0
2084,216642853333.333,11.161791075,4.44611030833333,4.37423825,5.47424291571429,0.352386838709677,17.0846426320066,0.35687087971457,18.65138275,0.30404717289245,7.17899602599201,3989.94505,3406.766095,779073089166.667,9.21128729166667,4.62514891666667,5.47424291571429,0.352386838709677,17.5353089075533,0.445158477344663,3989.94505,3406.766095,86.8222468260337,7.51931543286691e-07,10.2291164513513,1.38604493945946,0,0
2085,216572387500,11.4487616583333,4.2691809,3.47654965,5.22001673857143,0.29278310483871,17.6273664156465,0.326226371607969,21.0843415,0.210783909702763,7.49320069380701,3858.761851,3385.9740835,778617819166.667,8.44145643333333,4.56595521666667,5.22001673857143,0.29278310483871,18.2858058838205,0.475559219812853,3858.761851,3385.9740835,59.9245264367505,1.13118980686252e-07,10.37933045,1.4895062425,0,0
2086,216689742500,10.6439275583333,4.296779175,2.037294,6.55318212571429,0.355973983870968,18.1518172898671,0.363197621913296,19.21805975,0.199001863172071,7.459462924904,3884.17985675,3395.71625425,779319485000,7.91300464166667,4.53476856666667,6.55318212571429,0.355973983870968,18.8311353470395,0.488031877986492,3884.17985675,3395.71625425,54.2055079030755,1.84170920189922e-07,10.6362339459459,1.45835298648649,0,0
2087,216566120833.333,12.2039678083333,4.22522895833333,5.2599941,7.45407178357143,0.382812419354839,18.5872102985142,0.32816382636075,20.34590375,0.183710166607121,7.51271701383056,3863.327355,3393.6907125,778604174166.667,9.42112860833333,4.45323530833333,7.45407178357143,0.382812419354839,19.0992001817476,0.452006601217794,3863.327355,3393.6907125,62.084576994309,1.66908911889147e-08,10.1740977083333,1.49092742,0,0
2088,217026862500,11.4805109,4.422639175,3.65787905,7.69238121892857,0.357078790322581,19.1760342814483,0.348350676725124,19.2037685,0.346791107411017,7.24109298912807,3934.59719575,3380.43993575,781267518333.333,9.17788720833333,4.59005945,7.69238121892857,0.357078790322581,19.6662070930056,0.466304542071369,3934.59719575,3380.43993575,78.695076643296,4.3787900757511e-08,10.3226948432432,1.51819402040541,0,0
2089,216547812500,11.8381706083333,4.3663371,5.63815425,7.44648670857143,0.377424822580645,18.9684076215315,0.35030651087506,19.4664075,0.430795286083825,7.10769281214565,3971.419922,3407.8015345,778488040833.333,9.62911529166667,4.52875851666667,7.44648670857143,0.377424822580645,19.4050629671722,0.446808896518374,3971.419922,3407.8015345,93.0414469192163,6.92955466847496e-08,10.4386458810811,1.25943413297297,0,0
2090,216412989166.667,10.5391920583333,4.34902349166667,2.3210306,6.76652161142857,0.284426948387097,19.016769197965,0.320505393228923,18.952968,0.275061614238017,7.27128809971152,3951.83726475,3421.29148725,777716572500,8.202773025,4.5352728,6.76652161142857,0.284426948387097,19.552186975681,0.433258451728477,3951.83726475,3421.29148725,72.6003330700275,5.67809465048571e-08,10.8797568583333,1.27857624388889,0,0
2091,216995132500,12.2393519833333,4.42084255,4.1882267,6.79289108428571,0.299292811290323,19.2368333337981,0.338168762880425,20.02808175,0.402529175045833,7.08589622314061,3995.81490025,3408.02107275,781096775000,9.84605313333333,4.59307369166667,6.79289108428571,0.299292811290323,19.8054827981646,0.452762143878969,3995.81490025,3408.02107275,101.728315444707,5.22019800690856e-08,10.3754934648649,1.44093778405405,0,0
2092,216465139166.667,12.66660905,4.37120298333333,5.6083246,7.05349436178571,0.353847241935484,18.9494961133711,0.34881411007987,20.55098,0.315652852859988,7.17886671302533,3985.2207835,3421.1209985,778012449166.667,10.170701925,4.564376125,7.05349436178571,0.353847241935484,19.4743956057204,0.463952414753608,3985.2207835,3421.1209985,93.0121456247631,5.85657246272774e-08,10.0354825527778,1.46130805194444,0,0
2093,216339741666.667,12.4560713416667,4.42020388333333,5.12019985,7.26729220821429,0.378759,18.7251829559435,0.344196191811012,20.3338565,0.321391598469175,7.22685998804942,3956.701057,3408.6842545,777277251666.667,9.69097734166667,4.62923211666667,7.26729220821429,0.378759,19.2251566858569,0.47127513838523,3956.701057,3408.6842545,101.14489039447,6.9835422917654e-08,8.59192657027027,2.92300351,0,0
2094,217174265833.333,12.6337512833333,4.47226961666667,6.0452634,6.09135884857143,0.3760865,17.7993807064852,0.375646390095713,20.09168425,0.736514667360496,6.73487771345564,4056.860944,3408.0238065,782179626666.667,10.3007239083333,4.67311009166667,6.09135884857143,0.3760865,18.7447565340801,0.517251947003425,4056.860944,3408.0238065,118.965204396194,1.06999867228274e-06,9.08718156111111,2.36392784472222,0,0
2095,216407345833.333,11.6348834666667,4.36401779166667,3.8910086,5.86758993285714,0.3684695,17.5772159124622,0.352260272533695,19.85239575,0.329780572095596,7.19134019792037,3971.18968575,3418.19675575,777665405000,9.17015264166667,4.599335275,5.86758993285714,0.3684695,18.4095747520312,0.492737036564086,3971.18968575,3418.19675575,87.714770331567,1.99900792699732e-07,10.3670229135135,1.24338463459459,0,0
2096,216661588333.333,12.8105888333333,4.34561001666667,6.2997322,6.17171798857143,0.38047085483871,17.8842946381485,0.372421034285586,20.17512825,0.481807574313054,6.92531428315454,4052.4545015,3394.5678515,779153673333.333,10.5477634,4.55404241666667,6.17171798857143,0.38047085483871,18.6466926289827,0.494960228977169,4052.4545015,3394.5678515,121.75402490135,2.35764143994028e-07,9.63968439722222,1.74905021972222,0,0
2097,216955146666.667,11.6881229666667,4.46134900833333,4.4680992,7.03248314928571,0.419559580645161,17.8259629593577,0.377002854565668,19.434538,0.428937230186183,6.98899058679644,4039.75990475,3391.75900975,780854800833.333,9.65336045833333,4.65431315,7.03248314928571,0.419559580645161,18.5189261075561,0.493886871912921,4039.75990475,3391.75900975,123.12775385459,2.20283160078957e-07,8.77632621891892,2.66762182162162,0,0
2098,216804412500,12.4265117916667,4.32116840833333,5.45049445,5.47180936714286,0.336172935483871,17.6602184068275,0.352453301247636,20.6020475,0.581674285461913,6.91664228935402,4007.33266475,3389.90820975,779976322500,10.0686203583333,4.5478105,5.47180936714286,0.336172935483871,18.4954446137846,0.488090732976154,4007.33266475,3389.90820975,102.91555209976,2.6284303078013e-07,9.42993734444445,2.00235472944444,0,0
