"Year","Volume_an_surf","Temp_an_surf","Sal_an_surf","Temp_win_surf","DIN_win_surf","DIP_win_surf","totN_an_surf","totP_an_surf","Temp_sum_surf","Chla_sum_surf","Secchi_sum","DOC_sum_surf","DOCter_sum_surf","Volume_an_tot","Temp_an_tot","Sal_an_tot","DIN_an_tot","DIP_an_tot","totN_an_tot","totP_an_tot","DOC_an_tot","DOCter_an_tot","PP_an","Nfix_an"
1970,67486886416.6667,8.312283725,19.5471860833333,0.289213,5.68803730714286,0.502581451612903,18.2559387352528,0.659188276045846,15.33566625,2.58643160566938,6.19186657347852,3409.60777325,2001.10794075,109403700833.333,7.83143181666667,21.5287440833333,5.68803730714286,0.502581451612903,18.7410163440987,0.793013370070327,3409.60777325,2001.10794075,183.494383087409,2.13734857214392
1971,67486886000,8.602124,18.1346945833333,1.22229645,5.25050918928571,0.484234161290323,18.2668927437263,0.659292585356311,15.229553,2.81482810757715,5.85107096673727,3600.58445525,1970.54459775,109403700000,8.17026795,20.4301825833333,5.25050918928571,0.484234161290323,19.3258539668943,0.836228214820927,3600.58445525,1970.54459775,226.514873338731,2.4392633890998
1972,67486886000,9.555295525,19.3008385,2.28061905,3.86652029642857,0.470125638709677,18.3762628104033,0.68617887349062,15.907986,3.00607103767246,5.55703904064466,3827.927527,1840.2465445,109403700000,9.0483094,21.3693529166667,3.86652029642857,0.470125638709677,19.3075567791434,0.846369854651827,3827.927527,1840.2465445,277.937887392243,2.42304297302398
1973,67486886000,8.604495355,19.3107353333333,0.35693493,4.9667603,0.481209370967742,18.3144423020997,0.710578725577788,15.322743,2.83005459276275,5.86191465767929,3619.17492625,1875.53138875,109403700000,8.50188412583333,21.3699119166667,4.9667603,0.481209370967742,19.269246678753,0.888244183934004,3619.17492625,1875.53138875,238.651501864745,2.47662109814857
1974,67486886000,9.29186415,19.4473158333333,2.6003017,5.22129852857143,0.591486080645161,18.1697675216628,0.717543633898997,15.84850025,2.66369738966137,5.99187646071732,3619.92432,1943.2321175,109403700000,8.72792523333333,21.5239246666667,5.22129852857143,0.591486080645161,19.1697616370593,0.8915045261589,3619.92432,1943.2321175,249.082766911605,2.71278178580934
1975,67486886000,8.7310417,18.8974634166667,2.72975485,2.92259296428571,0.415755832258064,18.0229368713868,0.682177043348792,14.883162,2.57452228215179,6.02193565012688,3638.06132075,1968.30708075,109403700000,8.42124665833333,20.8754361666667,2.92259296428571,0.415755832258064,18.9051483327732,0.835099478696932,3638.06132075,1968.30708075,223.811367267498,2.07351122771423
1976,67486886000,8.74198248583333,17.9914288333333,1.213378765,2.47336945714286,0.350367751612903,17.8273206517843,0.678124062404952,15.0449055,2.66179366354346,5.85234112279927,3734.5112835,2121.1149135,109403700000,8.37122419666667,20.0652754166667,2.47336945714286,0.350367751612903,18.7187079434904,0.840533561469777,3734.5112835,2121.1149135,214.438204181424,2.1889413947287
1977,67486886000,8.53660411583333,18.4591778333333,1.983897395,3.86559483571429,0.521578774193548,18.2267069199521,0.724782593167904,15.16723425,2.89949502041756,5.60442281226689,3805.2423025,2016.89594,109403700000,8.18495621666667,20.3799369166667,3.86559483571429,0.521578774193548,19.1851630963988,0.8806062727648,3805.2423025,2016.89594,235.933420118639,2.64440554343083
1978,67486886000,8.10349401733333,18.58018525,-0.470436236,7.01595395357143,0.627342209677419,18.6839851191194,0.737121736701323,15.0462505,2.80220823659145,6.01693599019805,3530.42925825,1897.81224325,109403700000,7.99732951833333,20.9725616666667,7.01595395357143,0.627342209677419,19.5862676229246,0.92438718574901,3530.42925825,1897.81224325,222.700524841862,2.51741372452865
1979,67486886000,9.275045375,18.9793061666667,3.61344385,3.22559231071429,0.472472758064516,17.6690853264405,0.715991784442537,15.331991,2.367461544836,6.11199418361229,3679.906121,2123.333236,109403700000,8.75477200833333,21.0423310833333,3.22559231071429,0.472472758064516,18.5685402393614,0.890485729535323,3679.906121,2123.333236,204.966626074363,1.98592237948212
1980,67486886000,8.98368068333333,19.70326975,2.6949619,4.88695375,0.610562129032258,18.4864960724107,0.771957745230591,15.08113975,2.89659166081978,5.6399729370773,3782.3176885,1986.7570985,109403700000,8.47371968333333,21.3900919166667,4.88695375,0.610562129032258,19.2501036180401,0.912206218821327,3782.3176885,1986.7570985,235.596007820518,2.36442347850017
1981,67486886000,9.485466925,17.8252509166667,2.7690077,5.993922325,0.538250612903226,20.1757064964616,0.761417395363812,15.91595175,3.31154729083409,4.83773552546397,4365.1495935,2297.8708935,109403700000,8.89212955,19.7676755,5.993922325,0.538250612903226,20.9174936075877,0.917428898151866,4365.1495935,2297.8708935,283.69611316336,2.77098424496609
1982,67486886000,9.592877575,18.3622763333333,3.41044865,5.026908775,0.485571958064516,19.5952663665077,0.75243644404679,15.8733545,2.68927747100978,5.64851069090685,3931.260823,1995.871183,109403700000,8.799745575,20.520395,5.026908775,0.485571958064516,20.531523769582,0.910226280957183,3931.260823,1995.871183,254.777277718225,2.2740701547503
1983,67486886000,9.41866025833333,18.04625175,2.94219445,5.646649225,0.561316725806452,20.2243860681018,0.828581450751718,15.8011795,3.16939670007079,4.80907783864006,4408.67474875,2154.69858625,109403700000,8.98136493333333,20.0067263333333,5.646649225,0.561316725806452,20.9149061216937,0.987588282317762,4408.67474875,2154.69858625,300.42544607546,2.9024679100319
1984,67486886000,8.939390525,19.2429388333333,2.46236835,6.48937227142857,0.701801532258065,19.9104294468323,0.822513715426482,15.71640475,3.07857779777605,5.06094548922442,4240.39749275,2083.15843775,109403700000,8.31151228333333,21.2234680833333,6.48937227142857,0.701801532258065,20.7899160283087,0.990469226727221,4240.39749275,2083.15843775,278.108181244783,2.81212301375752
1985,67486886000,9.62503659166667,17.9617388333333,2.547718,6.92120000714286,0.587608064516129,19.7569389677435,0.797374658296676,16.28032,2.84673842294335,5.28612486517519,4205.63638475,2253.64098225,109403700000,8.92507084166667,20.1528723333333,6.92120000714286,0.587608064516129,20.5508400437193,0.97016636174533,4205.63638475,2253.64098225,265.30122322291,3.05846457504716
1986,67486135916.6667,8.94704027916667,19.5041215833333,1.319063225,5.17446630357143,0.609848274193548,20.0140367001347,0.826250467393135,15.48501,3.37089702162048,4.98016604902127,4118.32943625,1873.80548625,109401788333.333,8.59893661666667,21.8645329166667,5.17446630357143,0.609848274193548,21.0103229094182,1.01892812200548,4118.32943625,1873.80548625,303.735273044474,3.16778747929814
1987,67485858583.3333,7.94694578341667,19.9098834166667,0.348511255,4.31476523928571,0.458323967741935,19.5991395322704,0.771892289064224,15.487162,3.16325114263275,5.61318506312095,3661.4405065,1751.9253215,109401083333.333,7.89740679833333,22.1412579166667,4.31476523928571,0.458323967741935,20.7214894218414,0.975493048861991,3661.4405065,1751.9253215,259.520406799036,3.12433837323092
1988,67485818000,8.99726700666667,18.76374425,1.2219929,6.61587893214286,0.55293664516129,19.5262669221318,0.743686493922275,16.60476275,2.63212051826588,5.78988922294865,3888.59623025,2182.37335025,109400980000,8.347796,21.1939505833333,6.61587893214286,0.55293664516129,20.5363022486181,0.974484501555865,3888.59623025,2182.37335025,233.977807000897,2.48327157074605
1989,67485818000,9.01213784166667,19.1793465833333,2.566256,3.86616316428571,0.635497370967742,19.6273610779952,0.834402864920583,15.33894575,3.21619762674372,5.07289731861014,4139.04985725,1988.45030725,109400980000,8.55841033333334,20.88298425,3.86616316428571,0.635497370967742,20.2032790336842,0.961817264926628,4139.04985725,1988.45030725,279.777706225476,3.1007770704492
1990,67485818000,9.17660178333333,18.0458861666667,2.3309623,4.06408158571429,0.506665951612903,19.5953327879203,0.825830099433273,16.06262325,3.2375059693912,5.00506668780821,4248.67017125,2147.83105875,109400980000,8.73715420833333,20.59608625,4.06408158571429,0.506665951612903,20.5455227455641,1.07935611188949,4248.67017125,2147.83105875,264.061051822506,3.26527641595237
1991,67485805250,9.05624333666667,19.3983134166667,0.98142637,4.05693158571429,0.696904677419355,19.381258773414,0.837220134177454,16.347133,2.59876576490451,5.84940062803309,3791.31781,1971.92525,109400954166.667,8.55898205833333,21.9414975,4.05693158571429,0.696904677419355,20.6329017777438,1.06545242810608,3791.31781,1971.92525,240.350301417833,2.7196028931003
1992,67485803000,9.26245492333333,19.4796303333333,1.27010629,4.81010593214286,0.614714951612903,20.5318592047464,0.745239139016597,16.924712,2.17913316891833,6.34675677112636,3631.15102075,2034.84314825,109400950000,8.62424796166667,21.8297889166667,4.81010593214286,0.614714951612903,22.6195879876073,0.943307036282934,3631.15102075,2034.84314825,220.409126265288,1.69684048791054
1993,67485803000,9.304118125,19.0490048333333,3.24685505,6.44120803928571,0.558858806451613,22.3700574515762,0.754779504442914,16.05301375,2.47685478326666,5.82285448690164,3893.0366825,2022.77064,109400950000,8.66753270833333,21.21324225,6.44120803928571,0.558858806451613,24.0598393660379,0.934799001997558,3893.0366825,2022.77064,253.305086367227,1.88137275320437
1994,67485803000,8.70619648333333,19.7752039166667,1.99119535,7.18680702857143,0.389964346774194,21.6834579733353,0.670671446235637,15.27515475,1.8363410164768,6.8150812319452,3444.0545795,1952.2198895,109400950000,8.06896451666667,21.6426133333333,7.18680702857143,0.389964346774194,22.6176955600712,0.843937302959139,3444.0545795,1952.2198895,182.669712830304,1.23033503186826
1995,67485803000,9.23045356666667,18.1980738333333,2.5230978,5.786293525,0.454294,21.4939416467533,0.731472569864199,15.38170575,2.54674427970327,5.61839613501678,4071.47575725,2065.53498975,109400950000,8.7200248,20.0725114166667,5.786293525,0.454294,22.6745027717621,0.891703849471314,4071.47575725,2065.53498975,242.655332503876,1.90729053403381
1996,67485803000,9.2149079,18.4495503333333,1.2577769,4.46890379642857,0.525488193548387,18.9942609016018,0.741972735809946,16.00132725,2.70430098456814,5.58214127095525,3953.1541745,2120.8822095,109400950000,8.66220928333333,20.9948535833333,4.46890379642857,0.525488193548387,20.3950820559738,0.966859726914526,3953.1541745,2120.8822095,213.231561055915,2.3578706893224
1997,67485803000,9.16993680833333,19.0725864166667,2.27999125,3.85911130321429,0.542571758064516,19.7634152368843,0.72726047117903,15.49428375,2.54852530343607,5.97779897828008,3688.217839,1993.866914,109400950000,8.70048493333333,21.1941760833333,3.85911130321429,0.542571758064516,21.0324237388326,0.894305770474536,3688.217839,1993.866914,214.405311640534,2.47129130967243
1998,67485803000,10.0690772833333,19.0475874166667,4.14540015,3.707788675,0.404227953225806,19.9793399733657,0.739645963050897,16.427804,2.56408247186357,5.81150464427784,3973.50579225,2046.21612975,109400950000,9.52055854166667,21.2252008333333,3.707788675,0.404227953225806,20.966729348688,0.957784126089077,3973.50579225,2046.21612975,244.159490485897,1.99425304856917
1999,67485803000,9.75982864166667,19.3988751666667,2.3236273,3.64084665714286,0.477708267741935,19.7200560179394,0.752508577145022,16.5904855,2.465298883619,5.89692651153128,3905.3986945,1974.178377,109400950000,9.18456504166667,21.5657815833333,3.64084665714286,0.477708267741935,20.9539402148713,0.965402259193625,3905.3986945,1974.178377,248.320310448624,2.19249879898246
2000,67485803000,9.68020945,18.140979,2.68311475,4.22481044607143,0.476830056451613,18.7567962687863,0.691835452069444,16.67133975,2.59626883327684,5.70093898286916,3972.62575925,2211.10280175,109400950000,8.98348525833333,20.4514749166667,4.22481044607143,0.476830056451613,19.4234108581923,0.881267521535028,3972.62575925,2211.10280175,215.949993348924,2.3977912075753
2001,67485803000,9.61643415833333,18.2885349166667,2.36980605,4.18396995,0.495628870967742,18.4406256348854,0.675963814282856,16.431164,2.08715529463453,6.24994351792798,3768.54231275,2135.05939275,109400950000,9.063214275,20.600721,4.18396995,0.495628870967742,19.1640919767668,0.841968742418482,3768.54231275,2135.05939275,198.326378412658,1.98331903622065
2002,67485803000,9.29222760833333,17.9865583333333,1.9738674,2.92423936071429,0.335367496774194,19.4904727483758,0.738906091580384,15.3297835,3.02521296068972,5.24850474537652,4130.022735,2054.70058,109400950000,9.16437978333333,20.13340675,2.92423936071429,0.335367496774194,20.0704691096059,0.936653507320966,4130.022735,2054.70058,256.905331854196,3.12557608886378
2003,67485803000,9.25117273333333,18.6068956666667,2.22787385,4.07852994285714,0.622704903225806,17.6816110023179,0.729254573293308,16.469658,2.56850290529787,5.99234436680344,3665.06622425,1979.88027925,109400950000,8.82110444166667,21.04625475,4.07852994285714,0.622704903225806,18.5401225771951,0.917779107990386,3665.06622425,1979.88027925,201.075328377521,2.55847630329775
2004,67485803000,10.1874416416667,20.4738401666667,2.4120709,2.35241700464286,0.539268080645161,17.3247895586842,0.693294609662349,17.2813775,2.32161267916278,6.20036351422826,3648.28076575,1914.98739825,109400950000,9.29308071666667,22.56250375,2.35241700464286,0.539268080645161,17.751908681859,0.836922391560728,3648.28076575,1914.98739825,221.809560105309,2.38039687287044
2005,67485803000,10.2550702833333,18.8358086666667,2.73427465,2.45213345714286,0.376773014516129,18.7705798787215,0.716728106735,16.4580745,2.6437041221051,5.50473803898255,4104.5845725,2024.9426525,109400950000,9.5438873,20.7449118333333,2.45213345714286,0.376773014516129,19.2582117324557,0.860392967305824,4104.5845725,2024.9426525,255.819502356086,2.75050933612252
2006,67485803000,9.34916231916667,19.6866606666667,2.436342015,2.64379571071429,0.404857111290323,17.5470676948956,0.705515780572792,16.2763715,2.17970759555732,6.26366089208303,3684.11807475,1912.68802975,109400950000,8.927430175,22.05695175,2.64379571071429,0.404857111290323,17.9752041643681,0.871408594517955,3684.11807475,1912.68802975,208.679540290962,2.00961665659064
2007,67485803000,9.97511535,18.3188386666667,2.70114455,6.12861495,0.61624264516129,18.0863348626429,0.72471708072043,17.03830675,2.69423954212779,5.68092270731818,3961.81685125,2152.58510375,109400950000,9.38527871666667,20.5165348333333,6.12861495,0.61624264516129,18.3452218005876,0.887531921264486,3961.81685125,2152.58510375,222.984957149182,2.55169614815452
2008,67485803000,9.72655134166667,18.44574,2.6811981,3.66451575035714,0.480241801612903,18.3568883256548,0.727853723824886,15.8995085,2.52096966067115,5.73578152594046,3944.27813475,2101.84120225,109400950000,9.1364146,20.6737431666667,3.66451575035714,0.480241801612903,19.3109721612144,0.907651306077857,3944.27813475,2101.84120225,206.241136130749,2.35862926168656
2009,67485803000,8.81762608333334,19.44339425,1.80717115,3.29993284964286,0.46182055,17.4912173909228,0.709395609033839,15.56231725,2.70123441167055,5.94116087008847,3611.64048725,1788.52029225,109400950000,8.57523261666667,21.58612875,3.29993284964286,0.46182055,17.8331659808612,0.85012778746828,3611.64048725,1788.52029225,216.78645766271,2.69639592715007
2010,67485803000,8.76813989166667,20.1198130833333,1.96508005,2.29182992178571,0.377498416129032,16.498299948977,0.651484249834151,15.96351875,2.04821759896043,6.62930056629924,3416.814645,1805.212685,109400950000,8.49312329166667,22.29476425,2.29182992178571,0.377498416129032,17.020048327798,0.817170447830981,3416.814645,1805.212685,191.687009130433,2.04369094947937
2011,67485803000,9.60975614166667,18.6735476666667,2.915462,2.23923796785714,0.437721958064516,17.0268947188264,0.648790655609244,16.4212155,2.20741224692441,6.11005380390974,3827.99820075,2222.74316075,109400950000,9.00865428333333,20.7636658333333,2.23923796785714,0.437721958064516,17.5197963267172,0.807644722085721,3827.99820075,2222.74316075,189.588555569899,2.23950142541722
2012,67485803000,9.78212717833333,18.68302225,2.18345842,4.18073175714286,0.512937467741935,17.195068774147,0.714001183393788,17.05441175,2.39808494605702,5.95332314635734,3826.85221725,2113.46006225,109400950000,9.2348196,20.7833620833333,4.18073175714286,0.512937467741935,17.7077995425328,0.879093775752677,3826.85221725,2113.46006225,203.629572602195,1.97151413573367
2013,67485803000,9.78371964166667,17.3216725833333,3.2016226,1.86432276821429,0.387706356451613,17.2703727872592,0.672137786104421,16.6328275,2.38342961538717,5.87298347222065,3923.2614355,2250.041953,109400950000,9.17692234166667,19.8449985833333,1.86432276821429,0.387706356451613,17.7466380819896,0.829963310636673,3923.2614355,2250.041953,183.688861591587,2.37366829389185
2014,67485803000,10.09549715,19.1204925833333,2.4681938,3.074227,0.480008419354839,18.0514689826575,0.718136931595832,17.0146095,2.45736519990948,5.98572432385788,3776.567132,1957.3123445,109400950000,9.51645190833334,21.3987715,3.074227,0.480008419354839,19.0290622401775,0.888411278840877,3776.567132,1957.3123445,232.07611025768,2.80548125433562
2015,67485803000,9.74762901666667,19.4905089166667,2.9241545,4.27308215714286,0.586135112903226,17.738843829661,0.747704128815582,16.77679625,2.33531159600478,5.77301056410381,4037.73791075,2226.96956575,109400950000,9.18111926666667,21.3197558333333,4.27308215714286,0.586135112903226,18.1394988026463,0.894513680234266,4037.73791075,2226.96956575,208.356059693129,2.21650454245622
2016,67485803000,9.79268651666666,19.1691456666667,2.51252005,2.6383087825,0.450422780645161,17.7435843519592,0.742134199365335,16.90570875,2.35486446907508,5.94234924700796,3872.1258825,2047.675505,109400950000,9.24688341666667,21.4085761666667,2.6383087825,0.450422780645161,18.5285820016481,0.919892289502364,3872.1258825,2047.675505,216.834673886561,2.557507417661
2017,67485803000,9.72223171666667,18.4757780833333,1.94044405,2.66549163214286,0.434587046774194,18.0639358166841,0.699592804701584,16.49744375,2.07773447744492,6.15602052539726,3869.8233485,2246.341071,109400950000,9.16538004166667,20.8978270833333,2.66549163214286,0.434587046774194,18.9840068976487,0.900873494360241,3869.8233485,2246.341071,191.570322231289,2.20859531690575
2018,67485803000,9.492495825,19.3715624166667,3.99257735,4.19822409285714,0.603713935483871,18.2097810673521,0.775933827418189,15.78014575,2.32999327441005,6.03142739208013,3825.1062245,2018.8504995,109400950000,9.145043025,21.1135439166667,4.19822409285714,0.603713935483871,19.0158998557021,0.915109695955437,3825.1062245,2018.8504995,203.150929386376,1.9517553380834
2019,67485803000,9.75203185,18.0847321666667,2.03679775,1.87145612178571,0.41538385483871,18.3915809109522,0.696143411464167,16.15025225,2.52859791729908,5.61939987225332,4050.6588875,2221.2047425,109400950000,9.14377874166667,20.4448654166667,1.87145612178571,0.41538385483871,19.226407996909,0.87357905839226,4050.6588875,2221.2047425,213.778393398269,2.5451833543518
2020,67485803000,10.1979347166667,17.5778883333333,3.69533685,3.07243173714286,0.389896088709677,17.9995546698827,0.691564190294414,16.914674,1.8414971183635,6.22471675491267,3952.73476225,2284.94339975,109400950000,9.58324556666667,19.9391184166667,3.07243173714286,0.389896088709677,18.8918374069914,0.888012177404346,3952.73476225,2284.94339975,189.802663005793,2.30228278846937
2021,67485803000,9.5564463,19.6681345833333,1.79190385,3.66503028571429,0.642933580645161,17.7531436782225,0.714717320987476,16.31463575,2.06536552833363,6.30625753433884,3718.5135595,2080.7731745,109400950000,8.85193414166667,21.600003,3.66503028571429,0.642933580645161,18.4939359806008,0.856286653171353,3718.5135595,2080.7731745,183.028408682149,2.07439379679441
2022,67485803000,9.8997361675,18.32541525,1.860472155,2.805326785,0.362849703225807,17.7977367631499,0.662354696229964,16.57102325,2.0734131321507,6.25811641712428,3764.29923775,2140.39041775,109400950000,9.27034675833333,21.0114895,2.805326785,0.362849703225807,18.8325694927897,0.872219252973936,3764.29923775,2140.39041775,184.632633305373,2.06367532493016
2023,67485803000,10.3617587666667,17.76924525,4.40076635,3.58989636,0.522230959677419,18.6469744596874,0.755391579853452,16.6757795,2.41957128309813,5.43194403822404,4280.76255625,2337.81226875,109400950000,9.66322905,20.1134908333333,3.58989636,0.522230959677419,19.4778983290473,0.923141349198414,4280.76255625,2337.81226875,217.923138442804,2.33567973530417
2024,67485803000,9.54222300416667,19.329714,1.927135725,3.88094334,0.520203940322581,18.0431751541872,0.726521584262254,16.901054,2.27409271196602,6.11211847339738,3767.53333675,2031.67921175,109400950000,9.008503775,21.5883354166667,3.88094334,0.520203940322581,19.0760306747582,0.916967565855438,3767.53333675,2031.67921175,215.83849734204,2.6528503445378
2025,67485803000,10.1913601133333,20.4800019166667,1.74424758,2.23848532285714,0.449664793548387,17.2984062722955,0.66874927830059,17.466092,1.89375469537508,6.67186463704613,3532.6972615,1912.2968515,109400950000,9.32151124166667,22.5634050833333,2.23848532285714,0.449664793548387,18.3505666726666,0.843669620509634,3532.6972615,1912.2968515,203.282494215513,2.12634803772243
2026,67485803000,10.0137397083333,19.6489168333333,2.63426915,2.45474766464286,0.323027429032258,17.9010245448618,0.663350272944582,16.76599025,2.2095280166875,6.11066955587213,3799.56014275,1978.45201275,109400950000,9.31694931666667,21.65098775,2.45474766464286,0.323027429032258,18.8471429971196,0.832806936938522,3799.56014275,1978.45201275,219.509730409224,2.25901253582128
2027,67485803000,9.8953279,19.4416153333333,2.6630904,2.88265447321429,0.381049993548387,17.8182622660827,0.699337604620192,16.93770275,2.03973783360262,6.3621587864795,3709.27683825,1973.78936825,109400950000,9.106437375,21.5417129166667,2.88265447321429,0.381049993548387,18.7567942155764,0.85690970994572,3709.27683825,1973.78936825,199.710695000243,2.1175641712339
2028,67485803000,10.4051048916667,17.98332,2.5333412,2.63659069964286,0.430085516129032,17.9162429480733,0.693450396613933,17.49074075,1.89557060317723,6.23960097965025,3911.56197575,2243.76437825,109400950000,9.43997984166667,20.9290275833333,2.63659069964286,0.430085516129032,19.0948690257001,0.934759772399235,3911.56197575,2243.76437825,192.74813136108,2.59245382404704
2029,67485803000,9.652693675,20.5252525833333,2.5996458,3.51128476714286,0.587689983870968,17.2100692077802,0.712995238984003,17.22099675,2.19781819505192,6.37478492716853,3586.691084,2043.282949,109400950000,8.88647203333334,22.5156459166667,3.51128476714286,0.587689983870968,18.2265307664762,0.88826484376372,3586.691084,2043.282949,183.122746857269,2.19103022742153
2030,67485803000,9.96044666666667,19.1854954166667,2.96963625,3.972160025,0.489046483870968,17.6082402187353,0.678277768567336,16.73690975,1.96953157002138,6.35260549580495,3768.4704225,2186.815555,109400950000,9.28688613333333,21.1853465833333,3.972160025,0.489046483870968,18.3572350344222,0.832662008824262,3768.4704225,2186.815555,182.460628437778,2.00698701111261
2031,67485803000,10.0057658416667,18.760481,3.6599314,3.06701923928571,0.437523379032258,17.5789346634067,0.651958434658411,17.024064,2.00876151517486,6.32007288727169,3768.67715525,2197.16488025,109400950000,9.19388316666667,20.9190431666667,3.06701923928571,0.437523379032258,18.3514198610715,0.810585632925921,3768.67715525,2197.16488025,186.490705924253,1.89327357743689
2032,67485803000,10.111091625,18.90777375,2.8171332,1.3264124075,0.299210237096774,17.5920550032468,0.690939037072338,16.871679,2.34914088684757,6.02531297161021,3795.74297825,2004.03697325,109400950000,9.596016775,21.2489075833333,1.3264124075,0.299210237096774,18.4928109934364,0.876505715994992,3795.74297825,2004.03697325,213.747547747457,2.14579935953079
2033,67485803000,10.5929363833333,18.3399631666667,3.3861716,3.24312332464286,0.506364870967742,18.1484710476661,0.726341848806626,17.01037875,2.32954372883684,5.77472167853,4036.7584505,2221.238928,109400950000,9.93463026666667,20.7350370833333,3.24312332464286,0.506364870967742,19.2133944795918,0.934294025751836,4036.7584505,2221.238928,219.025334333612,2.19926717500454
2034,67485803000,10.2508277666667,18.8839035,3.3055038,2.17181815678571,0.463774256451613,18.0733426770743,0.742916506253433,16.23861125,2.43529616710922,5.78443917183437,3967.421637,2025.733492,109400950000,9.78501664166667,20.8001963333333,2.17181815678571,0.463774256451613,18.8863159852705,0.90098966796781,3967.421637,2025.733492,227.152661747896,2.34979016012951
2035,67485803000,10.2466838,19.3704671666667,3.49292315,2.16138646964286,0.409677091935484,18.141500386744,0.722524861911495,15.8154535,2.54747700319867,5.70123347778824,3937.62281775,1954.19786525,109400950000,9.74319036666667,21.4549839166667,2.16138646964286,0.409677091935484,19.1214411009764,0.904983092169893,3937.62281775,1954.19786525,231.575083536608,2.48223609689089
2036,67485803000,10.7425039166667,17.693434,3.85532905,3.58126675678571,0.477589983870968,18.1795379167982,0.704547578531108,17.586662,2.42415070212602,5.77631601319908,4008.21345675,2221.78505175,109400950000,9.90906485,20.11014175,3.58126675678571,0.477589983870968,19.1646185375323,0.888785117319954,4008.21345675,2221.78505175,221.26908307624,2.4408510482377
2037,67485803000,10.2380587583333,18.4654833333333,2.06677375,2.39450329785714,0.401530222580645,17.7748786190586,0.68136389192921,17.1935465,2.19909301129673,6.08347613864229,3867.1019325,2171.60851,109400950000,9.631386925,21.2489774166667,2.39450329785714,0.401530222580645,18.9762259417876,0.912158687581114,3867.1019325,2171.60851,205.810120329837,2.41817185997153
2038,67485803000,9.99832788333333,19.168827,3.88684805,4.86669206428571,0.572446838709677,17.5152379482985,0.677539967477856,16.36133725,2.15552819970665,6.206257954566,3749.65912225,2117.31042975,109400950000,9.29279535833333,21.0370160833333,4.86669206428571,0.572446838709677,18.2600993637055,0.814991532481419,3749.65912225,2117.31042975,189.833125054918,1.87331216421269
2039,67485803000,10.6886307583333,17.4479313333333,3.51490205,1.135903375,0.274815069354839,17.9585531697018,0.687066703267662,17.27891625,2.27810051694117,5.83342556171423,4045.61358825,2286.46752325,109400950000,10.1132371666667,19.9895566666667,1.135903375,0.274815069354839,18.9323118674311,0.890073764824839,4045.61358825,2286.46752325,212.911566606671,2.34726935555679
2040,67485803000,9.3061986225,18.23045025,3.0842244,3.80418234321429,0.554109774193548,17.862345815274,0.709407697855969,15.82931625,2.18015211617585,6.12676434556063,3802.3717125,2136.9484225,109400950000,8.867356525,20.4965833333333,3.80418234321429,0.554109774193548,18.9077369378915,0.878240432000544,3802.3717125,2136.9484225,199.134232783729,2.21536042783646
2041,67485803000,10.6362323166667,17.65504175,3.3861495,2.05742107571429,0.329574569354839,17.2807452707633,0.639190161751873,17.56386725,1.84769098933142,6.44294051077521,3776.50694075,2180.41347075,109400950000,9.85339224166667,20.29377375,2.05742107571429,0.329574569354839,18.3147690417981,0.83746943203927,3776.50694075,2180.41347075,194.420752823384,2.08928487170218
2042,67485803000,10.0405671166667,19.3435675,4.16213155,2.43743959071429,0.432999943548387,17.2326307001308,0.66065810726755,16.25276375,1.88417971140273,6.6132246784338,3548.47441725,2006.59913225,109400950000,9.4427351,21.4934719166667,2.43743959071429,0.432999943548387,18.2646456199814,0.821048084766293,3548.47441725,2006.59913225,184.323190917584,1.81137865493485
2043,67485803000,10.3427190583333,17.5369953333333,3.3324309,2.93945125607143,0.349663366129032,17.9598344145295,0.650347108389557,16.85711325,2.11215709680154,6.02292427524244,3961.067234,2225.1712615,109400950000,9.61416799166667,19.81050875,2.93945125607143,0.349663366129032,18.9993144359267,0.827456421381532,3961.067234,2225.1712615,210.6342842245,2.00988386901907
2044,67485803000,9.91085948333333,18.1218453333333,3.4118479,1.95934863928571,0.303161562903226,17.5044690178452,0.637364075115834,16.3319225,2.1914567957022,6.3268330991121,3622.90577375,1969.87400125,109400950000,9.39356795833333,20.4037919166667,1.95934863928571,0.303161562903226,18.4366450273918,0.815843484463761,3622.90577375,1969.87400125,201.213700938581,2.43462372558461
2045,67485803000,9.899844675,17.8478938333333,2.0287758,3.53034485357143,0.423877867741936,17.2559434227708,0.626735756463848,16.83559025,1.76365725383835,6.59885294278799,3678.59684275,2260.85295525,109400950000,9.0673854,20.0914521666667,3.53034485357143,0.423877867741936,18.1218092933431,0.794741283651657,3678.59684275,2260.85295525,166.060178214714,1.94215738699138
2046,67485803000,9.36804043166667,17.7438183333333,0.93846314,2.88269652714286,0.397274585483871,17.7175060868809,0.647321964265672,15.819784,2.15977213254795,6.20669878154498,3748.213349,2160.817534,109400950000,9.03904799166667,20.18073225,2.88269652714286,0.397274585483871,18.841032686384,0.842812677024079,3748.213349,2160.817534,182.154220940721,2.10528853277728
2047,67485803000,9.7447113,18.58859825,2.7550897,3.68947863285714,0.431823577419355,16.8790526376488,0.638757916305507,16.98510725,1.60445026622107,6.75353433111629,3614.649708,2141.8823855,109400950000,9.04758699166667,21.0445921666667,3.68947863285714,0.431823577419355,18.1089398669491,0.84633719521442,3614.649708,2141.8823855,165.483526007829,1.5141577564324
2048,67485803000,10.690086675,18.65212,3.0323097,2.02358024785714,0.398049075806452,16.6574498949846,0.632164486244296,17.92318025,1.73691739087858,6.68667981453293,3611.26636925,2150.18442925,109400950000,9.75129990833333,21.0572366666667,2.02358024785714,0.398049075806452,17.5999269071068,0.807270163908089,3611.26636925,2150.18442925,178.908372937207,1.76043525941721
2049,67485803000,10.2811444333333,19.3079641666667,2.88323465,3.31119926,0.450970764516129,16.7287183604136,0.647406419481022,17.6006985,1.71865580519918,6.87283024827862,3463.0251205,2026.1433805,109400950000,9.43632324166667,21.8566453333333,3.31119926,0.450970764516129,18.077302839396,0.859450423624276,3463.0251205,2026.1433805,174.78927732126,1.6917033171786
2050,67485803000,10.753724675,19.6491693333333,4.5473588,3.76699087035714,0.473025717741935,17.4741383148261,0.670987644501352,16.73152575,2.38684557559619,6.06019644648313,3730.7447365,1824.5553215,109400950000,10.0530039416667,21.5484149166667,3.76699087035714,0.473025717741935,18.2253928573005,0.815599918132256,3730.7447365,1824.5553215,238.617539730786,2.4520740829305
2051,67485803000,10.7829869666667,18.0407889166667,3.9336304,2.57602643535714,0.330651920967742,17.7487634534409,0.682793879317792,17.07041475,2.0490448784826,6.00016421830534,4005.531374,2245.431434,109400950000,10.0983029083333,20.64426225,2.57602643535714,0.330651920967742,18.9391262779931,0.911908467647018,4005.531374,2245.431434,211.746224704113,2.47568888920209
2052,67485803000,10.5553666833333,19.2255756666667,3.8220634,3.547045485,0.548393048387097,17.7419710813298,0.7252350727024,16.7733215,2.64061663145876,5.74649413214803,3905.1325875,2052.2282575,109400950000,9.81515595833333,21.4358241666667,3.547045485,0.548393048387097,18.6288414968618,0.892468466354583,3905.1325875,2052.2282575,227.765145276274,2.62794109916875
2053,67485803000,10.9687509166667,18.7833843333333,4.1049147,2.92338493071429,0.383154766129032,17.4069543420174,0.665287406934025,17.16349275,2.07993225463118,6.1882458689765,3827.04452125,2061.87282625,109400950000,10.2166752583333,20.9343601666667,2.92338493071429,0.383154766129032,18.4281063855716,0.843379356462657,3827.04452125,2061.87282625,224.390918318521,2.4916839548551
2054,67485803000,11.0408876833333,18.332946,4.2709796,4.81207830357143,0.565094887096774,17.5329985001989,0.67222584887867,17.045591,1.98927003054867,6.36770072205678,3748.64340775,2155.35821025,109400950000,10.10373085,20.8161444166667,4.81207830357143,0.565094887096774,18.5141974232678,0.867242921962989,3748.64340775,2155.35821025,189.749399299682,2.12154994914339
2055,67485803000,10.6841933833333,18.8669729166667,4.0367298,4.44481439428571,0.5628015,17.6406476226811,0.702012808814926,16.957505,2.16074596959487,6.02575604843199,3910.039832,2145.434972,109400950000,10.04788685,21.0985173333333,4.44481439428571,0.5628015,18.664753441746,0.88995457878287,3910.039832,2145.434972,219.899222236394,2.50371791215224
2056,67485803000,10.5206990916667,19.3982664166667,3.00882185,1.93154101357143,0.412303891935484,17.1849774207991,0.663510104023415,16.864018,2.13631219666285,6.33971250697143,3649.11349975,1934.83535225,109400950000,9.82987078333333,21.41014125,1.93154101357143,0.412303891935484,18.1309971965369,0.81721544602535,3649.11349975,1934.83535225,216.589144051739,1.80281725003437
2057,67485803000,10.2848647416667,17.7230854166667,1.81977395,2.97459240357143,0.365868143548387,17.4542183786835,0.620416596956676,17.0841895,1.79548662687447,6.59691245739117,3652.0901205,2124.9996705,109400950000,9.84789444166667,20.5954866666667,2.97459240357143,0.365868143548387,18.6843973296892,0.858563228620503,3652.0901205,2124.9996705,189.336779920172,2.19589140358291
2058,67485803000,10.8109121333333,17.7479499166667,3.49827385,3.68068732964286,0.522463322580645,17.1434617492042,0.62595373900989,17.4132135,1.73937289918427,6.67256558277635,3628.429762,2210.431302,109400950000,9.98479411666667,20.21390525,3.68068732964286,0.522463322580645,18.043687507022,0.806493075877207,3628.429762,2210.431302,178.309271193907,1.96167024526479
2059,67485803000,10.3629272916667,18.0602296666667,2.95283065,2.94987466857143,0.364100916129032,17.2389936550278,0.646978762835548,17.43828325,1.81248986389223,6.52456119859337,3724.027179,2146.999689,109400950000,9.75558615833333,20.756544,2.94987466857143,0.364100916129032,18.5321397189084,0.875714735946542,3724.027179,2146.999689,186.705905196166,1.90168637152699
2060,67485803000,10.702652725,19.23841725,3.64640605,3.05038604357143,0.464009101612903,16.8779428604247,0.645052965060917,17.15203825,1.9872892256406,6.40728433732618,3695.25955175,2087.06378925,109400950000,9.86097365,21.2486280833333,3.05038604357143,0.464009101612903,17.7336464469412,0.789684748057791,3695.25955175,2087.06378925,193.490173694817,1.67789336535656
2061,67485803000,10.6971622666667,17.87697625,3.30545365,2.00714517071429,0.301254251612903,16.7326668985876,0.607009800209113,17.168127,1.90918013391219,6.58245188084661,3597.3856225,2095.38612,109400950000,9.94218934166667,20.2838729166667,2.00714517071429,0.301254251612903,17.7726115966721,0.794048410555092,3597.3856225,2095.38612,175.933244451242,1.73528152499146
2062,67485803000,10.6015116666667,18.01089175,3.3008665,2.56886651964286,0.404723883870968,16.87739117629,0.643093654014241,17.35256575,2.05709872944929,6.41444801622822,3645.82766125,2049.94791875,109400950000,9.86823135833333,20.6349604166667,2.56886651964286,0.404723883870968,18.0760631853249,0.846286529931937,3645.82766125,2049.94791875,197.853503015367,1.96528879942648
2063,67485803000,11.0272581666667,18.4194145,4.3179175,2.53818031892857,0.424845374193548,17.506708196647,0.678138353196606,17.14950125,2.37092645907975,5.92247738910937,3897.73905125,2074.32773875,109400950000,10.2896991583333,20.6218433333333,2.53818031892857,0.424845374193548,18.5706185539451,0.854079281581153,3897.73905125,2074.32773875,237.84339267704,2.4032207021389
2064,67485803000,10.7203504,18.9245134166667,3.8018063,2.6646728125,0.378927748387097,16.9027055671693,0.611996846282253,17.56814425,1.51115928880757,6.94583990583231,3524.2128205,1995.031628,109400950000,9.79515363333334,21.4768261666667,2.6646728125,0.378927748387097,18.0221599984814,0.800894146995656,3524.2128205,1995.031628,190.947032103275,1.67482529134818
2065,67485803000,10.460149325,18.1930785,2.75576435,1.48588664214286,0.269429556451613,16.8229344957709,0.622629751373225,17.75749675,1.90858107453672,6.45559817026428,3714.55754125,2146.11713125,109400950000,9.762957225,20.720289,1.48588664214286,0.269429556451613,18.0380482554781,0.830017391781999,3714.55754125,2146.11713125,197.633447227242,1.8150688838218
2066,67485803000,10.7240028166667,19.27408725,3.59969235,1.99722385214286,0.365372512903226,16.5537587523507,0.608866966322933,16.9751145,1.95178096929227,6.63351122036939,3511.91484425,2025.98539175,109400950000,9.90070659166667,21.4153254166667,1.99722385214286,0.365372512903226,17.2880723717035,0.755395242048532,3511.91484425,2025.98539175,183.886059012446,1.91178758194622
2067,67485803000,10.630354575,17.0994230833333,3.9320528,2.86195478142857,0.334616909677419,17.3567833876491,0.616641269932466,17.15852325,1.81348034414793,6.46048743353468,3780.01423175,2221.41446675,109400950000,9.81065765833333,19.6376748333333,2.86195478142857,0.334616909677419,18.4497579305215,0.811108668292267,3780.01423175,2221.41446675,192.362993128991,1.96923546647037
2068,67485803000,11.0287271166667,17.3745380833333,3.6556243,2.95529730357143,0.417353980645161,17.3261795633104,0.641124207722613,17.81352275,2.19724636540554,6.18344961610759,3796.23106225,2243.73969975,109400950000,10.1329325,20.1603344166667,2.95529730357143,0.417353980645161,18.4532258236231,0.849442196122279,3796.23106225,2243.73969975,191.184467736001,1.9849498953398
2069,67485803000,10.84356555,17.3632008333333,3.00988805,4.04182564714286,0.454480446774194,17.0128286063746,0.650279914227069,18.08266075,2.02580276573101,6.30764235228376,3781.51025025,2280.90404525,109400950000,9.97511976666667,20.2545425,4.04182564714286,0.454480446774194,18.2513060523312,0.8851748206238,3781.51025025,2280.90404525,195.06463414545,2.4708272597849
2070,67485803000,10.7198449,18.9685505,3.85921705,2.96492989642857,0.584539032258065,17.6251710377579,0.772761834610272,16.865323,2.798140942272,5.51742167801388,4002.1557875,2014.947915,109400950000,10.1828635833333,21.3703765,2.96492989642857,0.584539032258065,18.8552871351146,0.987603091030295,4002.1557875,2014.947915,250.648271275665,3.16273090004245
2071,67485803000,11.1401949583333,18.2963893333333,4.6026476,2.41530464535714,0.478707809677419,17.2872705984519,0.702574155700991,17.44906,2.21708849481199,6.05800792845411,3854.85014825,2109.36914825,109400950000,10.491054325,20.8736528333333,2.41530464535714,0.478707809677419,18.5536204889389,0.934038727106867,3854.85014825,2109.36914825,230.877341477367,3.06607126121154
2072,67485803000,11.2307203583333,18.422088,4.1637762,1.568051345,0.422761079032258,16.731478106832,0.645962606060452,17.9286235,1.87548763313876,6.53779531609662,3676.343583,2119.0016705,109400950000,10.386200175,21.1193725833333,1.568051345,0.422761079032258,17.9820341138665,0.859232565281219,3676.343583,2119.0016705,207.093921076138,2.06756359877211
2073,67485803000,11.4935228666667,18.37554325,4.26658895,2.3954210775,0.421493990322581,16.7636617749844,0.642171710632984,17.55020075,1.8521268557259,6.47000894172839,3731.5643855,2129.0886155,109400950000,10.6510729166667,20.9316163333333,2.3954210775,0.421493990322581,17.8263869266322,0.857714666641753,3731.5643855,2129.0886155,202.730577594437,2.39557854020029
2074,67485803000,10.6549540333333,17.98850875,4.40649305,3.83835442892857,0.501669509677419,17.2890775495795,0.651925011864088,17.6904925,1.88097000680106,6.43589020611421,3756.0051215,2102.347279,109400950000,9.96319443333333,20.7244800833333,3.83835442892857,0.501669509677419,18.7344883539889,0.876702538250298,3756.0051215,2102.347279,202.406348796809,1.8655057747955
2075,67485803000,10.6692201,18.3829063333333,2.50308325,2.54977294785714,0.391561532258065,16.785862987656,0.618534086967541,17.60606375,1.57027318497909,6.65161484495217,3764.4446505,2279.341303,109400950000,9.93386183333333,20.8123430833333,2.54977294785714,0.391561532258065,17.9132276335186,0.816397765398767,3764.4446505,2279.341303,188.078563856359,1.92532289497224
2076,67485803000,10.9147604083333,18.2222428333333,3.60907885,2.85312542321429,0.376016080645161,17.2112112987256,0.628194071605394,16.9987,1.90980727888335,6.53020243652981,3651.81515125,2115.86401625,109400950000,10.1930817083333,20.7745726666667,2.85312542321429,0.376016080645161,18.4104661710612,0.839825835935662,3651.81515125,2115.86401625,206.932527791939,2.6024490070881
2077,67485803000,10.6406801666667,18.7213940833333,4.2640077,2.56888028035714,0.41957604516129,17.310030745127,0.681792997010708,17.221018,2.37182285809598,5.91762297887874,3892.46660925,2067.40686675,109400950000,10.1347356,20.9296958333333,2.56888028035714,0.41957604516129,18.5326943793517,0.873881953773982,3892.46660925,2067.40686675,233.324523241238,2.5243193237356
2078,67485803000,10.4907613583333,17.7561626666667,3.1068781,1.88169493357143,0.332838153225806,17.0096392154067,0.620163201613307,16.79520175,2.08023707712183,6.25879843531445,3767.81996975,2169.94320975,109400950000,9.87312773333333,20.320541,1.88169493357143,0.332838153225806,18.212038437262,0.827686010189577,3767.81996975,2169.94320975,192.017109333563,2.30706935006666
2079,67485803000,11.6051149333333,16.6055409166667,5.0458506,3.91759693821429,0.469323951612903,16.9271158105,0.630309696285645,18.0800785,1.70703833553072,6.32001013515025,3969.125089,2479.0124415,109400950000,10.7222751916667,19.20333875,3.91759693821429,0.469323951612903,17.9393383884941,0.824436461565148,3969.125089,2479.0124415,186.108379725017,2.04314387857249
2080,67485803000,11.6317842583333,18.64999475,4.1986657,4.13331051071429,0.547047725806452,16.5050610967457,0.638287433450463,18.6611605,1.60104134621698,6.61810643702722,3800.46110875,2325.61651625,109400950000,10.4632282916667,21.0581069166667,4.13331051071429,0.547047725806452,17.5125963676124,0.814223689948668,3800.46110875,2325.61651625,185.251543318986,2.12663077465596
2081,67485803000,10.6214352166667,17.1226066666667,3.9900657,3.2752051625,0.421872553225807,17.3581200654907,0.696503425299427,16.83030225,2.33042538976785,5.76059539645733,4044.9188305,2256.3574055,109400950000,10.185459675,19.79486925,3.2752051625,0.421872553225807,18.6051500267869,0.926679523847304,4044.9188305,2256.3574055,217.337858422867,2.35106772437592
2082,67485803000,10.4823103666667,19.332185,3.04581605,4.845194375,0.685982548387097,16.7958792643226,0.68855949750702,16.71448775,2.12476440296196,6.31457199815674,3673.16056125,2086.57464625,109400950000,9.78307595,21.5963520833333,4.845194375,0.685982548387097,17.8656079120511,0.872994304051861,3673.16056125,2086.57464625,192.651390332295,2.02680190457325
2083,67485803000,10.9532617916667,18.6044448333333,3.658802,3.69503067,0.425239701612903,16.5017230609999,0.592285501242071,18.0159585,1.62564494887053,7.01385156432465,3428.94994525,2030.45322275,109400950000,10.0774512666667,21.45231325,3.69503067,0.425239701612903,17.8935146004473,0.815483390170246,3428.94994525,2030.45322275,176.781048447813,1.93311982389425
2084,67485803000,10.7710140166667,18.6013581666667,3.57326875,3.31075845035714,0.390985191935484,16.8628604667782,0.617413205384934,17.17143825,1.89360047012397,6.49122974794517,3667.0336345,2105.8552845,109400950000,10.070008825,20.9092346666667,3.31075845035714,0.390985191935484,17.9113332648265,0.799083591346156,3667.0336345,2105.8552845,196.214149635967,2.09712650853636
2085,67485803000,11.446388975,17.9275163333333,4.097182,3.0090146025,0.387273593548387,16.9781943507139,0.625972255200713,17.54061,2.03691515975886,6.19572331460865,3862.6244425,2247.747685,109400950000,10.698633825,20.214543,3.0090146025,0.387273593548387,17.9294474750514,0.802941401699658,3862.6244425,2247.747685,212.390065606495,2.2986753105237
2086,67485803000,12.018619025,17.687857,5.4039339,3.31716674607143,0.49676675483871,17.2196962387684,0.662427013118416,18.4787245,1.99748196224541,6.16018455511898,3948.73798875,2272.28417125,109400950000,11.0500943666667,20.4041041666667,3.31716674607143,0.49676675483871,18.6042321750723,0.894003778961863,3948.73798875,2272.28417125,230.435946263356,2.48837810626059
2087,67485803000,11.619019725,18.6085915833333,4.70370705,3.05439510928571,0.487396341935484,16.7500813403397,0.649139664826066,18.20255825,1.53280164686215,6.73170240992748,3729.63461775,2269.43794275,109400950000,10.5626645166667,21.1070653333333,3.05439510928571,0.487396341935484,17.9043357103475,0.855549979815047,3729.63461775,2269.43794275,187.956372943401,2.32363829162983
2088,67485803000,11.3692885416667,17.5765568333333,4.9453318,3.65752376142857,0.46407885,16.9335883986172,0.626526995441157,17.34377175,1.83542812292683,6.42324909726367,3788.66822325,2300.36781075,109400950000,10.52469535,19.8844841666667,3.65752376142857,0.46407885,17.9661872367067,0.799562745446553,3788.66822325,2300.36781075,180.513512389432,2.03442142162217
2089,67485803000,11.1726314,19.9028055833333,3.6388734,3.0029140475,0.4138808,17.3197254522642,0.701115118301011,17.55686125,2.41844377949303,6.05792856797478,3780.38102775,1923.33586025,109400950000,10.580918425,22.035945,3.0029140475,0.4138808,18.4946133619866,0.886326987731158,3780.38102775,1923.33586025,250.239471277988,2.54838181971846
2090,67485803000,11.2299453166667,18.4396821666667,5.3773093,3.41630664892857,0.426336111290323,17.1374970213809,0.639853052736416,16.97771575,2.17970375884018,6.25931024463027,3700.18967325,2056.33902325,109400950000,10.5154771083333,20.917914,3.41630664892857,0.426336111290323,18.2353314948031,0.834913011358617,3700.18967325,2056.33902325,207.974983918026,2.60411791629983
2091,67485803000,11.5809721666667,18.1662874166667,5.6974013,2.34992775964286,0.362314680645161,17.2815776867627,0.652828921703931,17.61401375,2.04014123531378,6.15025086628222,3904.036982,2183.3177145,109400950000,10.7323053583333,20.4707938333333,2.34992775964286,0.362314680645161,18.3427849842838,0.83403746526625,3904.036982,2183.3177145,222.324977342878,1.82161615521911
2092,67485803000,11.4888287666667,17.16746175,5.2196811,4.37329147678571,0.514144903225806,17.8680100073467,0.668567515379757,17.5603815,2.20559524555213,5.73647665882228,4156.851996,2328.1475735,109400950000,10.6270980083333,19.5024616666667,4.37329147678571,0.514144903225806,18.8563705807376,0.836361469765784,4156.851996,2328.1475735,229.378401198813,2.15949440265639
2093,67485803000,10.92751775,18.0106493333333,4.64617955,3.95408629321429,0.450078467741935,17.5495006526642,0.693344055269638,16.96551825,2.35920596588208,5.88464759477604,3925.3622855,2098.1233405,109400950000,10.3320381666667,20.4455659166667,3.95408629321429,0.450078467741935,18.6916758801613,0.890936901458527,3925.3622855,2098.1233405,230.54819554299,2.55397721202279
2094,67485803000,11.558693025,17.78832375,4.09668115,2.32146106571429,0.433720627419355,17.3224277504518,0.685398289823173,18.44506525,2.2587277134676,6.02090663608182,3917.93295725,2095.98146225,109400950000,10.8475362666667,20.7099645833333,2.32146106571429,0.433720627419355,18.6407485249799,0.923817020842159,3917.93295725,2095.98146225,239.333025934496,2.22056410991424
2095,67485803000,11.267903275,18.4086090833333,4.30930665,2.85482549857143,0.471526735483871,17.0470534506364,0.673680594357845,18.0037555,2.00522238160931,6.37524278476023,3742.02930375,2168.49336625,109400950000,10.546571475,21.0260151666667,2.85482549857143,0.471526735483871,18.2233446227972,0.884231842018199,3742.02930375,2168.49336625,209.281084578159,2.41640920268925
2096,67485803000,10.6392977608333,18.8697965833333,1.701074215,2.77872866214286,0.412205012903226,16.455472814021,0.613949216729533,18.01944575,1.55488930733403,7.11458004182021,3344.4696595,1958.606267,109400950000,9.834065375,21.4243220833333,2.77872866214286,0.412205012903226,17.6620073988391,0.814947187305704,3344.4696595,1958.606267,180.007760907602,1.8308627933522
2097,67485803000,11.1473769916667,16.3582858333333,4.03685705,3.04762264357143,0.381985383870968,16.9410652302661,0.59370165179311,17.40303825,1.69641511434162,6.47951918142354,3849.671276,2471.961746,109400950000,10.332011975,19.0911425,3.04762264357143,0.381985383870968,18.0387674126706,0.800793069927916,3849.671276,2471.961746,173.662145254739,2.18289302359125
2098,67485803000,11.00685555,17.9039125833333,3.5426067,5.43201723571429,0.595077887096774,16.9118222285687,0.64850848732401,18.23829075,1.64270796085386,6.64404743821505,3741.5066135,2288.086506,109400950000,10.0360706083333,20.5155145833333,5.43201723571429,0.595077887096774,18.1607652560856,0.854666585150159,3741.5066135,2288.086506,187.682649107013,1.86122591518469
